1,5:05
2,1:01
3,5:05
4,5:05
5,5:05
6,5:05
7,1:01
8,1:01
9,1:01
10,5:05
11,5:05
12,5:05
13,5:05
14,1:01
15,1:01
16,1:01
17,5:05
18,1:01
19,5:05
20,5:05
21,5:05
22,5:05
23,5:05
24,5:05
25,5:05
26,1:01
27,1:01
28,5:05
29,5:05
30,5:05
31,1:01
32,5:05
33,5:05
34,5:05
35,5:05
36,5:05
37,5:05
38,1:01
39,5:05
40,1:01
41,1:01
42,5:05
43,5:05
44,5:05
45,1:01
46,5:05
47,1:01
48,5:05
49,5:05
50,1:01
51,5:05
52,5:05
53,1:01
54,1:01
55,5:05
56,5:05
57,5:05
58,5:05
59,1:01
60,1:01
61,1:01
62,5:05
63,5:05
64,5:05
65,5:05
66,5:05
67,5:05
68,1:01
69,5:05
70,1:01
71,5:05
72,5:05
73,5:05
74,5:05
75,5:05
76,1:01
77,5:05
78,1:01
79,5:05
80,1:01
81,5:05
82,1:01
83,1:01
84,5:05
85,5:05
86,1:01
87,5:05
88,1:01
89,5:05
90,5:05
91,5:05
92,5:05
93,1:01
94,5:05
95,5:05
96,5:05
97,1:01
98,5:05
99,5:05
100,5:05
101,5:05
102,5:05
103,1:01
104,5:05
105,5:05
106,5:05
107,1:01
108,5:05
109,5:05
110,1:01
111,5:05
112,5:05
113,1:01
114,5:05
115,5:05
116,1:01
117,1:01
118,1:01
119,1:01
120,5:05
121,1:01
122,5:05
123,1:01
124,1:01
125,5:05
126,1:01
127,1:01
128,5:05
129,1:01
130,1:01
131,1:01
132,5:05
133,1:01
134,1:01
135,5:05
136,5:05
137,1:01
138,1:01
139,5:05
140,1:01
141,1:01
142,1:01
143,1:01
144,1:01
145,5:05
146,5:05
147,1:01
148,5:05
149,1:01
150,5:05
151,5:05
152,1:01
153,1:01
154,5:05
155,5:05
156,1:01
157,1:01
158,1:01
159,5:05
160,5:05
161,5:05
162,5:05
163,1:01
164,1:01
165,5:05
166,5:05
167,5:05
168,1:01
169,1:01
170,5:05
171,1:01
172,5:05
173,5:05
174,5:05
175,5:05
176,5:05
177,1:01
178,1:01
179,5:05
180,1:01
181,5:05
182,5:05
183,5:05
184,5:05
185,1:01
186,1:01
187,1:01
188,5:05
189,5:05
190,5:05
191,5:05
192,1:01
193,5:05
194,1:01
195,5:05
196,5:05
197,5:05
198,5:05
199,5:05
200,5:05
201,1:01
202,1:01
203,5:05
204,5:05
205,1:01
206,5:05
207,5:05
208,1:01
209,1:01
210,5:05
211,5:05
212,1:01
213,5:05
214,5:05
215,1:01
216,1:01
217,5:05
218,5:05
219,5:05
220,1:01
221,5:05
222,5:05
223,5:05
224,5:05
225,5:05
226,5:05
227,1:01
228,1:01
229,5:05
230,1:01
231,5:05
232,5:05
233,1:01
234,1:01
235,1:01
236,1:01
237,5:05
238,5:05
239,5:05
240,5:05
241,1:01
242,1:01
243,5:05
244,5:05
245,1:01
246,5:05
247,5:05
248,5:05
249,1:01
250,5:05
251,1:01
252,5:05
253,5:05
254,1:01
255,1:01
256,5:05
257,1:01
258,5:05
259,5:05
260,1:01
261,5:05
262,5:05
263,1:01
264,5:05
265,1:01
266,1:01
267,5:05
268,1:01
269,5:05
270,1:01
271,1:01
272,5:05
273,5:05
274,1:01
275,5:05
276,5:05
277,1:01
278,5:05
279,5:05
280,1:01
281,5:05
282,1:01
283,5:05
284,5:05
285,5:05
286,1:01
287,5:05
288,5:05
289,1:01
290,5:05
291,5:05
292,1:01
293,5:05
294,5:05
295,5:05
296,5:05
297,1:01
298,1:01
299,5:05
300,1:01
301,5:05
302,5:05
303,1:01
304,5:05
305,5:05
306,5:05
307,1:01
308,1:01
309,5:05
310,1:01
311,5:05
312,1:01
313,1:01
314,5:05
315,5:05
316,5:05
317,5:05
318,5:05
319,5:05
320,1:01
321,5:05
322,5:05
323,1:01
324,5:05
325,5:05
326,5:05
327,1:01
328,5:05
329,5:05
330,5:05
331,5:05
332,5:05
333,1:01
334,5:05
335,1:01
336,1:01
337,5:05
338,1:01
339,1:01
340,5:05
341,5:05
342,5:05
343,5:05
344,1:01
345,1:01
346,5:05
347,1:01
348,5:05
349,5:05
350,1:01
351,5:05
352,5:05
353,5:05
354,5:05
355,5:05
356,5:05
357,1:01
358,1:01
359,1:01
360,5:05
361,1:01
362,1:01
363,5:05
364,5:05
365,5:05
366,5:05
367,5:05
368,5:05
369,5:05
370,5:05
371,5:05
372,5:05
373,5:05
374,5:05
375,5:05
376,1:01
377,1:01
378,1:01
379,5:05
380,5:05
381,1:01
382,5:05
383,5:05
384,1:01
385,5:05
386,5:05
387,5:05
388,5:05
389,5:05
390,1:01
391,5:05
392,5:05
393,1:01
394,5:05
395,1:01
396,5:05
397,1:01
398,5:05
399,5:05
400,5:05
401,5:05
402,5:05
403,1:01
404,1:01
405,5:05
406,5:05
407,5:05
408,1:01
409,5:05
410,1:01
411,5:05
412,5:05
413,1:01
414,5:05
415,1:01
416,5:05
417,1:01
418,1:01
419,1:01
420,5:05
421,5:05
422,5:05
423,5:05
424,5:05
425,1:01
426,1:01
427,1:01
428,5:05
429,5:05
430,5:05
431,5:05
432,5:05
433,5:05
434,5:05
435,1:01
436,5:05
437,5:05
438,1:01
439,5:05
440,5:05
441,1:01
442,5:05
443,5:05
444,1:01
445,5:05
446,1:01
447,1:01
448,5:05
449,5:05
450,5:05
451,5:05
452,1:01
453,5:05
454,1:01
455,5:05
456,1:01
457,5:05
458,1:01
459,1:01
460,5:05
461,1:01
462,5:05
463,5:05
464,1:01
465,5:05
466,5:05
467,1:01
468,5:05
469,5:05
470,5:05
471,5:05
472,1:01
473,1:01
474,5:05
475,1:01
476,1:01
477,5:05
478,5:05
479,1:01
480,1:01
481,5:05
482,1:01
483,5:05
484,1:01
485,5:05
486,1:01
487,5:05
488,5:05
489,5:05
490,5:05
491,5:05
492,5:05
493,5:05
494,5:05
495,5:05
496,1:01
497,5:05
498,5:05
499,1:01
500,1:01
