id,score_tag,agreement,subjectivity,confidence,irony,anger,joy,fear,sadness,surprise,punctuation,class
1,NONE,AGREEMENT,OBJECTIVE,100,NONIRONIC,0.190996975,0.206657887,0.228191167,0.163273245,0.210880697,168,?
2,P,DISAGREEMENT,SUBJECTIVE,73,IRONIC,0.539577842,0.050648946,0.070406556,0.272673249,0.06669347,59,?
3,P+,AGREEMENT,SUBJECTIVE,100,NONIRONIC,0.313149333,0.39345926,0.108858101,0.152748317,0.031784937,104,?
4,P,AGREEMENT,SUBJECTIVE,90,IRONIC,0.483143717,0.242225736,0.06222827,0.147664845,0.064737462,38,?
5,P,DISAGREEMENT,SUBJECTIVE,92,NONIRONIC,0.26519081,0.214545012,0.057404779,0.351983905,0.110875465,82,?
6,P,AGREEMENT,SUBJECTIVE,92,NONIRONIC,0.154154599,0.330732554,0.04854298,0.35219565,0.11437425,78,?
7,N,DISAGREEMENT,SUBJECTIVE,86,NONIRONIC,0.451633811,0.034539882,0.061352611,0.353282005,0.099191673,88,?
8,P,DISAGREEMENT,SUBJECTIVE,94,NONIRONIC,0.299358755,0.048610944,0.168820977,0.392953992,0.090255335,91,?
9,N,DISAGREEMENT,SUBJECTIVE,76,IRONIC,0.319808483,0.046585832,0.098387867,0.358640879,0.176576957,54,?
10,P,DISAGREEMENT,SUBJECTIVE,86,NONIRONIC,0.016089814,0.272701055,0.026452221,0.046061374,0.638695538,96,?
11,P,AGREEMENT,SUBJECTIVE,100,NONIRONIC,0.159521475,0.220516711,0.049395643,0.452890366,0.117675826,36,?
12,P,AGREEMENT,SUBJECTIVE,100,NONIRONIC,0.010640161,0.209012911,0.00597006,0.016526872,0.757850051,177,?
13,P,DISAGREEMENT,SUBJECTIVE,76,IRONIC,0.368632317,0.119480304,0.06035354,0.310810179,0.140723675,26,?
14,NEU,DISAGREEMENT,OBJECTIVE,86,NONIRONIC,0.003578663,0.023787688,0.003805692,0.009955727,0.958872199,56,?
15,P,DISAGREEMENT,SUBJECTIVE,81,IRONIC,0.213626668,0.093487874,0.037829652,0.331630975,0.323424816,578,?
16,N,DISAGREEMENT,SUBJECTIVE,76,IRONIC,0.231735826,0.098383166,0.33495158,0.240817279,0.094112113,126,?
17,P,DISAGREEMENT,SUBJECTIVE,83,NONIRONIC,0.260061175,0.27709958,0.057162963,0.25661388,0.149062365,76,?
18,N,DISAGREEMENT,SUBJECTIVE,76,IRONIC,0.591947138,0.025509121,0.028497063,0.212704867,0.141341865,256,?
19,NEU,DISAGREEMENT,SUBJECTIVE,86,NONIRONIC,0.326745391,0.235080987,0.10733287,0.312012255,0.018828467,291,?
20,P,DISAGREEMENT,SUBJECTIVE,81,NONIRONIC,0.173326716,0.29910937,0.318721652,0.150010854,0.058831427,173,?
21,NEU,DISAGREEMENT,SUBJECTIVE,76,IRONIC,0.320629239,0.23109746,0.109817512,0.296462476,0.041993313,50,?
22,P,AGREEMENT,SUBJECTIVE,98,NONIRONIC,0.049712621,0.535766423,0.036904901,0.10463772,0.272978306,92,?
23,P,DISAGREEMENT,SUBJECTIVE,76,IRONIC,0.151240498,0.367863238,0.095890388,0.344197035,0.040808819,58,?
24,P,DISAGREEMENT,SUBJECTIVE,83,NONIRONIC,0.421206534,0.122194991,0.028520301,0.236818343,0.191259831,159,?
25,P,DISAGREEMENT,SUBJECTIVE,89,NONIRONIC,0.351106405,0.434719205,0.023257658,0.124677017,0.066239715,32,?
26,P,DISAGREEMENT,SUBJECTIVE,76,IRONIC,0.010523803,0.028370969,0.006711685,0.025884107,0.928509414,307,?
27,N+,DISAGREEMENT,SUBJECTIVE,76,IRONIC,0.641926885,0.033469852,0.059893321,0.250663757,0.014046185,96,?
28,P,DISAGREEMENT,SUBJECTIVE,86,NONIRONIC,0.337213159,0.172113255,0.044972323,0.229848951,0.21585232,144,?
29,P,AGREEMENT,SUBJECTIVE,80,IRONIC,0.170383021,0.340617836,0.231261611,0.210231513,0.047506031,57,?
30,P,AGREEMENT,SUBJECTIVE,90,NONIRONIC,0.091007538,0.402065754,0.105221882,0.185160071,0.216544747,67,?
31,P,DISAGREEMENT,SUBJECTIVE,76,IRONIC,0.018481499,0.056884587,0.00888808,0.052896775,0.862848997,102,?
32,N+,AGREEMENT,SUBJECTIVE,92,NONIRONIC,0.394111246,0.180537045,0.075295895,0.277506948,0.072548822,92,?
33,P,DISAGREEMENT,SUBJECTIVE,91,NONIRONIC,0.220023707,0.224003732,0.034645908,0.469939739,0.051386878,119,?
34,P,DISAGREEMENT,SUBJECTIVE,84,NONIRONIC,0.206519485,0.199639708,0.045709681,0.25063917,0.297491968,19,?
35,N+,AGREEMENT,SUBJECTIVE,90,NONIRONIC,0.014255622,0.1739178,0.029756701,0.051854931,0.730214953,688,?
36,P,DISAGREEMENT,SUBJECTIVE,76,IRONIC,0.234733611,0.209734708,0.125339061,0.408883035,0.02130961,198,?
37,P,DISAGREEMENT,SUBJECTIVE,73,IRONIC,0.402140439,0.127415895,0.053915836,0.351835608,0.064692184,118,?
38,NEU,DISAGREEMENT,SUBJECTIVE,94,NONIRONIC,0.555330873,0.031133285,0.051404603,0.351800025,0.010331186,230,?
39,P,DISAGREEMENT,SUBJECTIVE,76,IRONIC,0.245629117,0.19023329,0.138946682,0.317631721,0.107559189,52,?
40,N,AGREEMENT,SUBJECTIVE,92,NONIRONIC,0.648396611,0.03407938,0.042562753,0.240778446,0.034182791,61,?
41,N,DISAGREEMENT,SUBJECTIVE,73,IRONIC,0.424439192,0.021916214,0.029962137,0.355254531,0.168427899,90,?
42,P,DISAGREEMENT,SUBJECTIVE,94,NONIRONIC,0.140784025,0.262425393,0.128458515,0.374162853,0.094169229,78,?
43,P+,AGREEMENT,SUBJECTIVE,100,NONIRONIC,0.04179259,0.541713715,0.115060933,0.095392838,0.206039906,454,?
44,P,DISAGREEMENT,SUBJECTIVE,74,IRONIC,0.257144988,0.164750308,0.038645457,0.501287222,0.038172025,110,?
45,N,DISAGREEMENT,OBJECTIVE,86,NONIRONIC,0.196998894,0.049929634,0.512600839,0.217626333,0.022844244,162,?
46,N,DISAGREEMENT,SUBJECTIVE,81,IRONIC,0.165844172,0.234364688,0.221947342,0.352504373,0.025339378,37,?
47,N,DISAGREEMENT,SUBJECTIVE,86,NONIRONIC,0.132980853,0.025503244,0.041995805,0.310779035,0.4887411,42,?
48,P,AGREEMENT,SUBJECTIVE,100,NONIRONIC,0.174284458,0.135006964,0.050805159,0.222097322,0.417806089,116,?
49,N,DISAGREEMENT,SUBJECTIVE,73,IRONIC,0.165066332,0.268990427,0.031893454,0.349874109,0.18417573,197,?
50,P,DISAGREEMENT,SUBJECTIVE,76,IRONIC,0.764169812,0.045817811,0.037904121,0.122171663,0.029936546,74,?
51,NEU,DISAGREEMENT,SUBJECTIVE,86,NONIRONIC,0.395855427,0.117386535,0.041940801,0.373445034,0.071372181,81,?
52,P,DISAGREEMENT,SUBJECTIVE,81,IRONIC,0.149748534,0.202693164,0.033099785,0.280938208,0.333520293,38,?
53,P,AGREEMENT,SUBJECTIVE,100,NONIRONIC,0.296110094,0.059683301,0.049979139,0.106773697,0.487453759,959,?
54,NEU,DISAGREEMENT,SUBJECTIVE,73,IRONIC,0.51738131,0.088736922,0.052724577,0.301530927,0.039626293,97,?
55,P,AGREEMENT,SUBJECTIVE,100,NONIRONIC,0.035371076,0.398250461,0.034587141,0.074405931,0.457385361,159,?
56,N,DISAGREEMENT,SUBJECTIVE,76,IRONIC,0.312731862,0.124180436,0.213196725,0.271344692,0.078546308,119,?
57,P+,DISAGREEMENT,SUBJECTIVE,84,NONIRONIC,0.087403797,0.154982328,0.090343088,0.14563334,0.52163744,359,?
58,P,AGREEMENT,SUBJECTIVE,85,IRONIC,0.032374695,0.55862236,0.031134959,0.08188808,0.295979857,114,?
59,P+,DISAGREEMENT,SUBJECTIVE,82,IRONIC,0.688310027,0.075930245,0.069715999,0.123209506,0.042834267,115,?
60,N,DISAGREEMENT,SUBJECTIVE,86,NONIRONIC,0.153717756,0.086834177,0.12387035,0.366799116,0.268778563,384,?
61,NEU,DISAGREEMENT,SUBJECTIVE,83,NONIRONIC,0.515148997,0.090095252,0.087995626,0.228506342,0.078253761,53,?
62,P+,AGREEMENT,SUBJECTIVE,98,NONIRONIC,0.049610149,0.354667485,0.085068211,0.116609305,0.394044846,138,?
63,P,DISAGREEMENT,SUBJECTIVE,86,NONIRONIC,0.552291334,0.109386392,0.066074453,0.206719369,0.065528423,95,?
64,P,DISAGREEMENT,SUBJECTIVE,94,NONIRONIC,0.179427668,0.154071018,0.348550528,0.200504228,0.117446564,107,?
65,P+,AGREEMENT,SUBJECTIVE,98,NONIRONIC,0.034619354,0.321261764,0.023207597,0.077678159,0.543233156,18,?
66,P+,AGREEMENT,OBJECTIVE,100,NONIRONIC,0.026820637,0.495480031,0.03195288,0.076608583,0.369137883,62,?
67,P,AGREEMENT,SUBJECTIVE,98,NONIRONIC,0.112468034,0.224142805,0.030486943,0.082786247,0.550115943,92,?
68,P,AGREEMENT,SUBJECTIVE,100,NONIRONIC,0.61438638,0.074517697,0.058763251,0.229044899,0.023287751,177,?
69,P+,DISAGREEMENT,SUBJECTIVE,89,NONIRONIC,0.03672868,0.263349921,0.013409775,0.053993609,0.632518053,257,?
70,NEU,DISAGREEMENT,SUBJECTIVE,76,IRONIC,0.11975567,0.048123922,0.048912082,0.57687968,0.206328601,280,?
71,N,DISAGREEMENT,SUBJECTIVE,84,IRONIC,0.426762998,0.131446436,0.109417386,0.298963249,0.033409912,164,?
72,N,DISAGREEMENT,SUBJECTIVE,84,NONIRONIC,0.307453841,0.253567427,0.060730632,0.343962997,0.034285065,189,?
73,P,DISAGREEMENT,SUBJECTIVE,83,NONIRONIC,0.164469242,0.352774918,0.130456895,0.209824577,0.142474398,388,?
74,P,DISAGREEMENT,SUBJECTIVE,76,IRONIC,0.101620317,0.317643821,0.11824362,0.226269931,0.236222327,42,?
75,NEU,DISAGREEMENT,SUBJECTIVE,86,NONIRONIC,0.01837204,0.425746679,0.010581871,0.040053185,0.505246282,171,?
76,NEU,DISAGREEMENT,SUBJECTIVE,76,IRONIC,0.440443635,0.100689948,0.088612303,0.273879349,0.09637475,52,?
77,P,AGREEMENT,SUBJECTIVE,98,NONIRONIC,0.06079109,0.620280504,0.021457877,0.162318289,0.135152251,207,?
78,N,DISAGREEMENT,SUBJECTIVE,83,NONIRONIC,0.517960846,0.083086379,0.023375146,0.293055594,0.082522079,49,?
79,P+,AGREEMENT,SUBJECTIVE,100,NONIRONIC,0.06583485,0.722020984,0.037043802,0.083044782,0.092055559,173,?
80,P,AGREEMENT,SUBJECTIVE,90,IRONIC,0.648454726,0.058442079,0.152062923,0.127816349,0.013223888,75,?
81,P,AGREEMENT,SUBJECTIVE,100,NONIRONIC,0.103880405,0.606851339,0.078373924,0.135350555,0.075543761,154,?
82,NEU,DISAGREEMENT,SUBJECTIVE,86,NONIRONIC,0.541899562,0.036783077,0.059829671,0.252831906,0.108655721,90,?
83,P,DISAGREEMENT,SUBJECTIVE,86,NONIRONIC,0.456304669,0.073525496,0.050929196,0.250455379,0.168785185,104,?
84,P,DISAGREEMENT,SUBJECTIVE,84,IRONIC,0.360441208,0.225904465,0.102985173,0.292005956,0.018663151,26,?
85,P,DISAGREEMENT,SUBJECTIVE,94,NONIRONIC,0.011858595,0.187660575,0.010243222,0.012264175,0.777973413,153,?
86,P,DISAGREEMENT,SUBJECTIVE,76,IRONIC,0.113079414,0.085604802,0.481580108,0.204434752,0.115300931,86,?
87,P,DISAGREEMENT,SUBJECTIVE,76,IRONIC,0.011329486,0.535479307,0.014273254,0.068377808,0.370540112,601,?
88,P,DISAGREEMENT,SUBJECTIVE,76,IRONIC,0.325015903,0.097260542,0.090406209,0.446722776,0.040594555,249,?
89,P,DISAGREEMENT,SUBJECTIVE,76,IRONIC,0.592380047,0.157420829,0.067316443,0.118391283,0.064491361,210,?
90,N,DISAGREEMENT,SUBJECTIVE,92,NONIRONIC,0.157403335,0.154956415,0.181732371,0.451254159,0.054653715,102,?
91,P,DISAGREEMENT,SUBJECTIVE,84,NONIRONIC,0.243115842,0.174631983,0.051890418,0.361860961,0.168500796,72,?
92,P+,AGREEMENT,SUBJECTIVE,100,NONIRONIC,0.01454465,0.559903026,0.022823537,0.073432267,0.329296589,33,?
93,P,DISAGREEMENT,OBJECTIVE,94,NONIRONIC,0.341388643,0.095200807,0.082646951,0.413944602,0.066819005,80,?
94,P,AGREEMENT,SUBJECTIVE,100,NONIRONIC,0.038615622,0.558453083,0.041290443,0.106792808,0.254848093,374,?
95,N,DISAGREEMENT,SUBJECTIVE,74,IRONIC,0.071084648,0.183410078,0.135227591,0.147501528,0.462776214,244,?
96,P,DISAGREEMENT,SUBJECTIVE,73,IRONIC,0.170897633,0.589676499,0.034694664,0.138433278,0.066297993,296,?
97,P,DISAGREEMENT,SUBJECTIVE,73,IRONIC,0.204038173,0.051372096,0.047799014,0.4362638,0.260526896,70,?
98,NEU,DISAGREEMENT,SUBJECTIVE,94,NONIRONIC,0.260253191,0.25373745,0.042109698,0.347710937,0.096188724,62,?
99,P,DISAGREEMENT,SUBJECTIVE,84,IRONIC,0.548629701,0.126945913,0.073406428,0.204009518,0.047008466,61,?
100,N,AGREEMENT,SUBJECTIVE,92,NONIRONIC,0.356177777,0.179364383,0.043812543,0.237238765,0.183406487,62,?
101,P,AGREEMENT,SUBJECTIVE,90,IRONIC,0.493942142,0.113279119,0.036778852,0.288033903,0.067965969,93,?
102,P,AGREEMENT,SUBJECTIVE,100,NONIRONIC,0.087242864,0.295738578,0.061327215,0.100061938,0.455629468,79,?
103,P,DISAGREEMENT,SUBJECTIVE,94,NONIRONIC,0.352785856,0.059604824,0.111798212,0.366464645,0.109346516,99,?
104,P,DISAGREEMENT,SUBJECTIVE,94,NONIRONIC,0.160903484,0.368966013,0.160867542,0.184015185,0.125247762,151,?
105,N,DISAGREEMENT,SUBJECTIVE,86,NONIRONIC,0.499354303,0.161447182,0.063682735,0.256982267,0.018533528,70,?
106,NEU,DISAGREEMENT,SUBJECTIVE,76,IRONIC,0.030264001,0.454785347,0.172827378,0.117479026,0.224644229,117,?
107,P,DISAGREEMENT,SUBJECTIVE,76,IRONIC,0.102685839,0.042200077,0.749267697,0.09220767,0.013638784,66,?
108,NEU,DISAGREEMENT,SUBJECTIVE,84,IRONIC,0.50552392,0.113348924,0.054909837,0.276420295,0.049796976,171,?
109,P,DISAGREEMENT,SUBJECTIVE,76,IRONIC,0.060281575,0.137715027,0.041352607,0.128141105,0.632509589,94,?
110,P,DISAGREEMENT,SUBJECTIVE,76,IRONIC,0.248980522,0.022759374,0.068065315,0.512155116,0.148039684,280,?
111,P+,AGREEMENT,SUBJECTIVE,82,IRONIC,0.442123085,0.136354178,0.038587201,0.261984974,0.120950557,101,?
112,N,DISAGREEMENT,SUBJECTIVE,83,NONIRONIC,0.331577063,0.21631223,0.11303407,0.260516793,0.078559816,233,?
113,NEU,DISAGREEMENT,SUBJECTIVE,86,NONIRONIC,0.166146815,0.03421472,0.197914451,0.540816307,0.060907725,756,?
114,NEU,DISAGREEMENT,SUBJECTIVE,73,IRONIC,0.48007834,0.113387167,0.134957448,0.240005374,0.031571701,25,?
115,P,DISAGREEMENT,SUBJECTIVE,94,NONIRONIC,0.00968617,0.615048528,0.084527433,0.041364789,0.249373019,100,?
116,P,DISAGREEMENT,SUBJECTIVE,84,IRONIC,0.547810316,0.064717315,0.02973867,0.253010333,0.104723357,645,?
117,P,DISAGREEMENT,SUBJECTIVE,73,IRONIC,0.573841512,0.043425892,0.037563503,0.327453852,0.017715186,157,?
118,N,DISAGREEMENT,SUBJECTIVE,81,NONIRONIC,0.378401279,0.069234982,0.030015649,0.353729963,0.168618143,33,?
119,P,DISAGREEMENT,SUBJECTIVE,86,NONIRONIC,0.086768083,0.016747627,0.065493241,0.251126528,0.579864502,549,?
120,P,DISAGREEMENT,SUBJECTIVE,76,IRONIC,0.224749088,0.187242284,0.077974163,0.244487643,0.265546829,99,?
121,N,AGREEMENT,SUBJECTIVE,92,NONIRONIC,0.741271377,0.019306496,0.014117277,0.176524043,0.048780754,34,?
122,P,AGREEMENT,SUBJECTIVE,100,NONIRONIC,0.16642198,0.279012114,0.287211895,0.188121647,0.079232387,70,?
123,N+,DISAGREEMENT,SUBJECTIVE,91,NONIRONIC,0.591376901,0.067388892,0.063608736,0.230357498,0.047267936,70,?
124,NEU,DISAGREEMENT,SUBJECTIVE,86,NONIRONIC,0.346103847,0.022894781,0.200582743,0.412834615,0.017584028,71,?
125,P,AGREEMENT,SUBJECTIVE,100,NONIRONIC,0.53271687,0.12559244,0.029293234,0.25693664,0.055460848,76,?
126,P,AGREEMENT,SUBJECTIVE,92,NONIRONIC,0.8789258,0.030573269,0.008374508,0.070520215,0.011606232,89,?
127,P,DISAGREEMENT,SUBJECTIVE,86,NONIRONIC,0.677536905,0.018588034,0.079025656,0.208167776,0.016681602,21,?
128,P,AGREEMENT,SUBJECTIVE,100,NONIRONIC,0.025327887,0.225855023,0.01297187,0.05527737,0.680567801,77,?
129,NEU,DISAGREEMENT,SUBJECTIVE,76,IRONIC,0.5993011,0.044548687,0.057239644,0.28594923,0.01296129,37,?
130,NEU,DISAGREEMENT,SUBJECTIVE,76,IRONIC,0.167334259,0.016886812,0.250953913,0.370744586,0.194080427,275,?
131,N,DISAGREEMENT,SUBJECTIVE,76,IRONIC,0.559649646,0.030715154,0.060264256,0.214697301,0.13467367,92,?
132,N,DISAGREEMENT,SUBJECTIVE,86,NONIRONIC,0.426922292,0.110164471,0.138152361,0.318322062,0.006438794,202,?
133,NEU,DISAGREEMENT,SUBJECTIVE,74,IRONIC,0.481821567,0.050239839,0.029761096,0.397348225,0.040829282,127,?
134,N,DISAGREEMENT,SUBJECTIVE,86,NONIRONIC,0.279289186,0.082400687,0.090924658,0.353219509,0.19416596,48,?
135,P+,AGREEMENT,SUBJECTIVE,96,NONIRONIC,0.027723502,0.855703831,0.021260519,0.047286242,0.048025969,193,?
136,P,DISAGREEMENT,SUBJECTIVE,76,IRONIC,0.305362284,0.238707617,0.050446242,0.348843396,0.056640461,591,?
137,N,DISAGREEMENT,SUBJECTIVE,73,IRONIC,0.461314261,0.041923851,0.066430889,0.39370361,0.03662743,116,?
138,NEU,DISAGREEMENT,SUBJECTIVE,94,NONIRONIC,0.60460341,0.083264358,0.040598061,0.231077299,0.040456925,179,?
139,P,DISAGREEMENT,SUBJECTIVE,73,IRONIC,0.41110453,0.156007767,0.07103657,0.313071132,0.048780039,64,?
140,P,DISAGREEMENT,SUBJECTIVE,91,NONIRONIC,0.174572334,0.043084238,0.230794936,0.531846583,0.019701973,103,?
141,N,DISAGREEMENT,SUBJECTIVE,74,IRONIC,0.727654755,0.008558593,0.012047254,0.18778348,0.063955896,78,?
142,N+,DISAGREEMENT,SUBJECTIVE,86,NONIRONIC,0.419809163,0.0587149,0.030080117,0.447136551,0.044259336,108,?
143,P,DISAGREEMENT,SUBJECTIVE,92,NONIRONIC,0.516755104,0.060704317,0.048543543,0.324349701,0.049647346,69,?
144,N,DISAGREEMENT,OBJECTIVE,86,NONIRONIC,0.678324997,0.0094494,0.015394947,0.246924907,0.049905717,100,?
145,P,AGREEMENT,SUBJECTIVE,98,NONIRONIC,0.22367467,0.244964808,0.11030826,0.158524632,0.262527585,58,?
146,P,DISAGREEMENT,SUBJECTIVE,76,IRONIC,0.155854002,0.347166896,0.052975699,0.280509889,0.163493514,63,?
147,N,DISAGREEMENT,SUBJECTIVE,86,NONIRONIC,0.534483433,0.027513862,0.120275088,0.281419665,0.03630792,123,?
148,P,DISAGREEMENT,SUBJECTIVE,91,NONIRONIC,0.225314364,0.203902781,0.270831048,0.271499336,0.028452478,323,?
149,P,DISAGREEMENT,SUBJECTIVE,73,IRONIC,0.200470656,0.053116769,0.072174571,0.629525185,0.044712834,45,?
150,N,DISAGREEMENT,SUBJECTIVE,94,NONIRONIC,0.023338744,0.284905523,0.039377645,0.131085634,0.521292448,72,?
151,P,DISAGREEMENT,SUBJECTIVE,84,IRONIC,0.21661514,0.154812887,0.041424438,0.432330817,0.154816717,147,?
152,P,AGREEMENT,SUBJECTIVE,92,NONIRONIC,0.161136076,0.033771187,0.050009668,0.138663486,0.616419613,639,?
153,P,DISAGREEMENT,SUBJECTIVE,73,IRONIC,0.621622264,0.029563813,0.077141263,0.242835283,0.028837346,83,?
154,P,AGREEMENT,SUBJECTIVE,97,NONIRONIC,0.530221403,0.216683075,0.043017674,0.15518406,0.054893732,169,?
155,N,DISAGREEMENT,SUBJECTIVE,86,NONIRONIC,0.313435853,0.281430513,0.117064588,0.259214401,0.028854663,73,?
156,N,DISAGREEMENT,SUBJECTIVE,83,NONIRONIC,0.351145923,0.053540915,0.103319943,0.383608222,0.108385012,116,?
157,N,DISAGREEMENT,SUBJECTIVE,86,NONIRONIC,0.587528169,0.031324036,0.11716041,0.246708959,0.017278366,99,?
158,NEU,DISAGREEMENT,SUBJECTIVE,86,NONIRONIC,0.551624417,0.098940931,0.031743318,0.293351263,0.024340076,106,?
159,N,DISAGREEMENT,SUBJECTIVE,84,IRONIC,0.134774864,0.284536988,0.115205944,0.334828377,0.130653784,40,?
160,P+,AGREEMENT,SUBJECTIVE,98,NONIRONIC,0.013706439,0.602865338,0.013525717,0.036123004,0.333779514,42,?
161,P,DISAGREEMENT,SUBJECTIVE,92,NONIRONIC,0.066088356,0.173977405,0.024789894,0.168278903,0.566865444,68,?
162,NEU,DISAGREEMENT,SUBJECTIVE,94,NONIRONIC,0.091710448,0.219331205,0.112092905,0.522202015,0.054663472,114,?
163,N,DISAGREEMENT,SUBJECTIVE,76,IRONIC,0.348793864,0.061947428,0.025252821,0.287540704,0.276465207,55,?
164,N+,AGREEMENT,SUBJECTIVE,92,NONIRONIC,0.356335312,0.036114559,0.020449286,0.419485748,0.167615101,154,?
165,P,AGREEMENT,SUBJECTIVE,82,IRONIC,0.16028665,0.145066515,0.142618224,0.476273865,0.075754724,41,?
166,P+,AGREEMENT,SUBJECTIVE,98,NONIRONIC,0.022901967,0.325100839,0.01617112,0.027669882,0.608156204,48,?
167,P,AGREEMENT,SUBJECTIVE,98,NONIRONIC,0.199138448,0.215686649,0.056528226,0.128951102,0.399695575,102,?
168,P,DISAGREEMENT,SUBJECTIVE,84,NONIRONIC,0.501834989,0.039312508,0.05056956,0.231509283,0.176773652,114,?
169,N,DISAGREEMENT,SUBJECTIVE,74,IRONIC,0.146938741,0.081709355,0.037660398,0.629042149,0.104649402,148,?
170,P,DISAGREEMENT,SUBJECTIVE,73,IRONIC,0.201375961,0.248212039,0.039458573,0.32384181,0.187111586,97,?
171,P,DISAGREEMENT,SUBJECTIVE,82,IRONIC,0.673115611,0.086038217,0.071751781,0.144249097,0.02484528,131,?
172,P+,DISAGREEMENT,SUBJECTIVE,76,IRONIC,0.230248064,0.280660927,0.044739369,0.295659721,0.148691908,277,?
173,NEU,DISAGREEMENT,SUBJECTIVE,84,NONIRONIC,0.149874598,0.473318964,0.057396196,0.262990773,0.056419484,13,?
174,P,AGREEMENT,SUBJECTIVE,100,NONIRONIC,0.016127994,0.677466393,0.055497311,0.044578053,0.20633027,81,?
175,N,AGREEMENT,SUBJECTIVE,100,NONIRONIC,0.535957336,0.11044503,0.039508566,0.266976714,0.047112353,166,?
176,N,DISAGREEMENT,SUBJECTIVE,72,IRONIC,0.17975755,0.146912381,0.322516114,0.277076066,0.073737904,39,?
177,P,DISAGREEMENT,SUBJECTIVE,92,NONIRONIC,0.563281298,0.094930574,0.034527726,0.195605785,0.111654639,108,?
178,P,DISAGREEMENT,SUBJECTIVE,94,NONIRONIC,0.561586022,0.078329831,0.043441966,0.24841243,0.068229727,197,?
179,NEU,DISAGREEMENT,SUBJECTIVE,76,IRONIC,0.161316574,0.185587198,0.111506492,0.366481364,0.175108403,25,?
180,NEU,DISAGREEMENT,SUBJECTIVE,86,NONIRONIC,0.399139464,0.009199776,0.083599746,0.492949605,0.015111404,37,?
181,P,AGREEMENT,SUBJECTIVE,100,NONIRONIC,0.104667597,0.408121169,0.025016401,0.078473359,0.38372153,46,?
182,P+,AGREEMENT,SUBJECTIVE,100,NONIRONIC,0.003389275,0.324231744,0.010102675,0.016634775,0.645641565,59,?
183,P,AGREEMENT,SUBJECTIVE,100,NONIRONIC,0.05112315,0.353102535,0.04472338,0.058845475,0.492205441,42,?
184,P+,AGREEMENT,SUBJECTIVE,98,NONIRONIC,0.106361918,0.42952019,0.107234277,0.172379971,0.184503645,35,?
185,P,AGREEMENT,OBJECTIVE,100,NONIRONIC,0.579552174,0.020549541,0.030071124,0.355579108,0.014248099,79,?
186,N,AGREEMENT,SUBJECTIVE,92,NONIRONIC,0.353385329,0.049162839,0.148350969,0.308767289,0.140333548,272,?
187,NEU,DISAGREEMENT,SUBJECTIVE,86,NONIRONIC,0.43657124,0.081104554,0.084263414,0.31419456,0.083866194,73,?
188,P+,AGREEMENT,SUBJECTIVE,98,NONIRONIC,0.08007478,0.485059917,0.047428042,0.193740547,0.193696767,83,?
189,P,AGREEMENT,SUBJECTIVE,87,IRONIC,0.251193732,0.234255135,0.051234789,0.385821581,0.077494793,52,?
190,P+,DISAGREEMENT,SUBJECTIVE,86,NONIRONIC,0.08692047,0.400284708,0.025775513,0.072837479,0.414181799,32,?
191,P,AGREEMENT,SUBJECTIVE,100,NONIRONIC,0.091460973,0.423195481,0.042714439,0.323780298,0.11884883,107,?
192,N,DISAGREEMENT,SUBJECTIVE,76,IRONIC,0.218316823,0.102383628,0.03622707,0.527989447,0.115083069,50,?
193,P,DISAGREEMENT,SUBJECTIVE,94,NONIRONIC,0.05798512,0.290305972,0.02133479,0.180339947,0.450034142,44,?
194,P,DISAGREEMENT,SUBJECTIVE,84,NONIRONIC,0.653600395,0.021907257,0.02554228,0.189998746,0.10895136,162,?
195,P,DISAGREEMENT,SUBJECTIVE,91,NONIRONIC,0.300920993,0.13081421,0.145092905,0.39952755,0.023644308,71,?
196,P+,AGREEMENT,SUBJECTIVE,98,NONIRONIC,0.038856734,0.549661815,0.049089689,0.171671063,0.190720722,91,?
197,P,DISAGREEMENT,SUBJECTIVE,76,IRONIC,0.104948059,0.137951374,0.187535286,0.305603147,0.26396215,55,?
198,P+,AGREEMENT,SUBJECTIVE,87,IRONIC,0.352422714,0.17003262,0.142683938,0.28411454,0.050746202,139,?
199,P,DISAGREEMENT,SUBJECTIVE,81,IRONIC,0.020730622,0.240578607,0.035054687,0.044353735,0.659282446,43,?
200,P,DISAGREEMENT,SUBJECTIVE,92,NONIRONIC,0.337507516,0.299470812,0.018463306,0.126854077,0.217704296,84,?
201,N,DISAGREEMENT,SUBJECTIVE,76,IRONIC,0.632988632,0.015716091,0.073088542,0.247561425,0.030645255,189,?
202,N,DISAGREEMENT,SUBJECTIVE,86,NONIRONIC,0.52361095,0.073632598,0.083868742,0.288938165,0.029949524,37,?
203,N,DISAGREEMENT,SUBJECTIVE,86,NONIRONIC,0.023750346,0.306192666,0.013866969,0.140488878,0.515701175,410,?
204,P,DISAGREEMENT,SUBJECTIVE,76,IRONIC,0.337691307,0.124125712,0.039237913,0.429783165,0.069161922,78,?
205,P,DISAGREEMENT,SUBJECTIVE,73,IRONIC,0.511265576,0.044810839,0.03888306,0.306671083,0.098369464,222,?
206,P,DISAGREEMENT,SUBJECTIVE,83,NONIRONIC,0.193087056,0.145933926,0.389122784,0.246908098,0.024948156,545,?
207,P,DISAGREEMENT,SUBJECTIVE,74,IRONIC,0.429700911,0.203485832,0.101221621,0.196245581,0.069346033,207,?
208,NEU,DISAGREEMENT,SUBJECTIVE,76,IRONIC,0.646144509,0.051689144,0.026315296,0.180871248,0.0949798,460,?
209,P,DISAGREEMENT,SUBJECTIVE,74,IRONIC,0.336189419,0.036134176,0.073143192,0.464351058,0.090182178,272,?
210,NEU,DISAGREEMENT,SUBJECTIVE,76,IRONIC,0.412188411,0.157969579,0.076976411,0.315323591,0.037541959,48,?
211,N,DISAGREEMENT,SUBJECTIVE,86,NONIRONIC,0.167412668,0.292369604,0.121403426,0.321782947,0.097031303,134,?
212,P,DISAGREEMENT,SUBJECTIVE,76,IRONIC,0.779754221,0.014372346,0.050378527,0.14117457,0.01432035,63,?
213,P+,AGREEMENT,SUBJECTIVE,100,NONIRONIC,0.179668248,0.25538826,0.244884223,0.163633108,0.156426102,159,?
214,P+,AGREEMENT,SUBJECTIVE,100,NONIRONIC,0.075603642,0.263363212,0.049045596,0.195000261,0.41698733,208,?
215,NEU,DISAGREEMENT,SUBJECTIVE,86,NONIRONIC,0.59832263,0.054315381,0.104262307,0.197753772,0.04534588,201,?
216,NEU,DISAGREEMENT,SUBJECTIVE,76,IRONIC,0.611098886,0.045083933,0.067882635,0.258814603,0.017119883,456,?
217,NEU,DISAGREEMENT,SUBJECTIVE,76,IRONIC,0.263510883,0.13881211,0.061793972,0.412321925,0.123561084,131,?
218,P,DISAGREEMENT,SUBJECTIVE,84,IRONIC,0.506225765,0.123429954,0.087826051,0.250975043,0.03154318,376,?
219,N,DISAGREEMENT,SUBJECTIVE,74,IRONIC,0.047693945,0.490074188,0.026936159,0.244610593,0.190685138,115,?
220,N,DISAGREEMENT,SUBJECTIVE,84,NONIRONIC,0.191843867,0.048066273,0.044833675,0.170993283,0.544262946,195,?
221,NEU,DISAGREEMENT,SUBJECTIVE,73,IRONIC,0.721175432,0.103341199,0.072899297,0.088712156,0.013871904,19,?
222,P,AGREEMENT,SUBJECTIVE,92,NONIRONIC,0.033654138,0.310685933,0.009126122,0.043568972,0.602964878,107,?
223,N,DISAGREEMENT,SUBJECTIVE,83,NONIRONIC,0.103483424,0.294930279,0.035685249,0.443266362,0.122634731,264,?
224,N,DISAGREEMENT,SUBJECTIVE,86,NONIRONIC,0.265452176,0.105575353,0.158533067,0.402421057,0.068018377,55,?
225,N,AGREEMENT,SUBJECTIVE,90,IRONIC,0.061875552,0.216423303,0.0128356,0.606042504,0.102822997,46,?
226,N,AGREEMENT,SUBJECTIVE,89,NONIRONIC,0.272911578,0.107789449,0.282608151,0.143164456,0.193526298,275,?
227,P,AGREEMENT,SUBJECTIVE,90,IRONIC,0.587189972,0.0741987,0.099084631,0.220455334,0.019071385,89,?
228,NEU,DISAGREEMENT,SUBJECTIVE,86,NONIRONIC,0.286558568,0.044736266,0.025849696,0.494389117,0.148466349,53,?
229,P+,DISAGREEMENT,SUBJECTIVE,86,NONIRONIC,0.012692724,0.619218349,0.042636819,0.075142615,0.250309497,256,?
230,NEU,DISAGREEMENT,SUBJECTIVE,76,IRONIC,0.142056882,0.102198124,0.108641922,0.309095085,0.338007987,73,?
231,NEU,DISAGREEMENT,SUBJECTIVE,76,IRONIC,0.139269337,0.345492214,0.105405837,0.248136491,0.161696166,119,?
232,P,DISAGREEMENT,SUBJECTIVE,76,IRONIC,0.256360739,0.235728502,0.021161843,0.238824695,0.247924268,205,?
233,N,DISAGREEMENT,SUBJECTIVE,76,IRONIC,0.426036,0.068934917,0.042051282,0.404904127,0.058073655,52,?
234,NEU,DISAGREEMENT,SUBJECTIVE,86,NONIRONIC,0.571238279,0.028003387,0.028213285,0.308932841,0.063612245,190,?
235,P,DISAGREEMENT,SUBJECTIVE,73,IRONIC,0.649311662,0.046508316,0.042930026,0.125865072,0.135384887,77,?
236,NEU,DISAGREEMENT,SUBJECTIVE,74,IRONIC,0.864799857,0.011039155,0.009550137,0.099613458,0.014997371,308,?
237,N,DISAGREEMENT,SUBJECTIVE,83,NONIRONIC,0.317397296,0.322442889,0.056745924,0.276949883,0.026463987,45,?
238,NEU,DISAGREEMENT,SUBJECTIVE,86,NONIRONIC,0.009219407,0.153516889,0.004535192,0.020950422,0.811778069,45,?
239,P,DISAGREEMENT,SUBJECTIVE,91,NONIRONIC,0.246513844,0.472065896,0.035188567,0.121763095,0.124468587,468,?
240,P,DISAGREEMENT,SUBJECTIVE,76,IRONIC,0.200579181,0.158266053,0.078969523,0.456913352,0.105271921,200,?
241,NEU,DISAGREEMENT,SUBJECTIVE,86,NONIRONIC,0.406513333,0.097987778,0.116896659,0.357538581,0.021063587,148,?
242,P,DISAGREEMENT,SUBJECTIVE,86,NONIRONIC,0.631479144,0.064555503,0.040292878,0.245654002,0.018018479,139,?
243,P,DISAGREEMENT,SUBJECTIVE,86,NONIRONIC,0.367551863,0.136893734,0.054106195,0.379059732,0.062388469,59,?
244,P,AGREEMENT,SUBJECTIVE,100,NONIRONIC,0.095814481,0.250359833,0.069257468,0.140438214,0.444129974,76,?
245,P+,AGREEMENT,SUBJECTIVE,100,NONIRONIC,0.337092519,0.077942967,0.042475387,0.38851428,0.153974801,110,?
246,P,DISAGREEMENT,SUBJECTIVE,82,IRONIC,0.101735502,0.240388185,0.055268444,0.116440937,0.486166894,45,?
247,P,DISAGREEMENT,SUBJECTIVE,82,IRONIC,0.025030088,0.648970485,0.042955518,0.024232667,0.258811265,72,?
248,P+,AGREEMENT,SUBJECTIVE,100,NONIRONIC,0.185524121,0.535395861,0.145581961,0.107843548,0.025654538,87,?
249,P,DISAGREEMENT,SUBJECTIVE,86,NONIRONIC,0.824516535,0.033189613,0.018234342,0.106598258,0.017461209,325,?
250,P,DISAGREEMENT,SUBJECTIVE,73,IRONIC,0.197674453,0.360750347,0.069281876,0.266674191,0.10561911,69,?
251,NEU,DISAGREEMENT,OBJECTIVE,86,NONIRONIC,0.262033224,0.058699392,0.153890118,0.43089202,0.094485268,47,?
252,P+,AGREEMENT,SUBJECTIVE,100,NONIRONIC,0.229147792,0.344156057,0.067341469,0.261090428,0.098264277,112,?
253,P+,DISAGREEMENT,SUBJECTIVE,92,NONIRONIC,0.064641811,0.113519683,0.045741886,0.086519174,0.689577401,67,?
254,P,AGREEMENT,SUBJECTIVE,100,NONIRONIC,0.479571164,0.033557277,0.028923132,0.415210187,0.042738289,86,?
255,NEU,DISAGREEMENT,SUBJECTIVE,86,NONIRONIC,0.451164246,0.072158292,0.075016797,0.367680371,0.033980258,78,?
256,N,AGREEMENT,SUBJECTIVE,80,IRONIC,0.039570436,0.142052725,0.098942146,0.259984374,0.459450334,189,?
257,NEU,DISAGREEMENT,SUBJECTIVE,84,NONIRONIC,0.701263249,0.05777118,0.062191825,0.143286422,0.035487354,432,?
258,N,DISAGREEMENT,SUBJECTIVE,73,IRONIC,0.121922746,0.193097487,0.145280853,0.203888088,0.33581084,30,?
259,P,AGREEMENT,SUBJECTIVE,92,NONIRONIC,0.199234635,0.120700657,0.165897369,0.251785219,0.26238209,485,?
260,P,DISAGREEMENT,SUBJECTIVE,74,IRONIC,0.68904984,0.014185596,0.033313017,0.258204192,0.005247423,69,?
261,P,AGREEMENT,SUBJECTIVE,100,NONIRONIC,0.408131599,0.153524399,0.055700924,0.202077746,0.180565357,161,?
262,N,DISAGREEMENT,SUBJECTIVE,86,NONIRONIC,0.575546861,0.127565399,0.055335525,0.215848863,0.025703341,71,?
263,N,DISAGREEMENT,SUBJECTIVE,86,NONIRONIC,0.401166826,0.099733636,0.063416883,0.292346448,0.143336207,201,?
264,P,DISAGREEMENT,SUBJECTIVE,76,IRONIC,0.114403322,0.265477031,0.05391689,0.129620418,0.436582386,59,?
265,P,AGREEMENT,SUBJECTIVE,100,NONIRONIC,0.149492294,0.064829551,0.021718299,0.081322648,0.682637215,144,?
266,N,DISAGREEMENT,SUBJECTIVE,86,NONIRONIC,0.598244309,0.081006065,0.026407417,0.216310382,0.07803183,115,?
267,P,DISAGREEMENT,SUBJECTIVE,74,IRONIC,0.466457337,0.146134585,0.048887707,0.29812324,0.040397141,50,?
268,P,AGREEMENT,SUBJECTIVE,92,NONIRONIC,0.12654604,0.034688417,0.03993601,0.398646384,0.400183141,139,?
269,NEU,DISAGREEMENT,SUBJECTIVE,86,NONIRONIC,0.561073601,0.120183967,0.089916363,0.128639758,0.100186311,989,?
270,NEU,DISAGREEMENT,SUBJECTIVE,73,IRONIC,0.259337336,0.047292866,0.219029218,0.406944096,0.067396536,261,?
271,P,DISAGREEMENT,SUBJECTIVE,76,IRONIC,0.770457745,0.056479082,0.020141972,0.115776449,0.037144758,24,?
272,P+,AGREEMENT,SUBJECTIVE,98,NONIRONIC,0.114428177,0.402732611,0.053177863,0.114390045,0.315271258,211,?
273,P+,AGREEMENT,SUBJECTIVE,82,IRONIC,0.15906398,0.198117644,0.058240768,0.253687829,0.330889791,103,?
274,NEU,DISAGREEMENT,SUBJECTIVE,76,IRONIC,0.487534732,0.076459944,0.05484587,0.298545003,0.082614444,82,?
275,P,DISAGREEMENT,SUBJECTIVE,84,IRONIC,0.015739392,0.249693513,0.004910089,0.059005044,0.670651972,101,?
276,P+,DISAGREEMENT,SUBJECTIVE,76,IRONIC,0.456918776,0.158367395,0.054158017,0.306694895,0.023860922,100,?
277,NEU,DISAGREEMENT,SUBJECTIVE,86,NONIRONIC,0.266956866,0.053159628,0.015575325,0.197292745,0.467015415,46,?
278,P+,AGREEMENT,SUBJECTIVE,100,NONIRONIC,0.305938065,0.228928119,0.073703647,0.26270622,0.128723949,117,?
279,P,DISAGREEMENT,SUBJECTIVE,76,IRONIC,0.490095258,0.120265238,0.053533487,0.23357892,0.102527149,91,?
280,N,DISAGREEMENT,SUBJECTIVE,91,NONIRONIC,0.529603004,0.047276139,0.036268804,0.201630786,0.18522127,56,?
281,P,DISAGREEMENT,SUBJECTIVE,81,IRONIC,0.593136907,0.103198051,0.038154881,0.090075105,0.175434992,83,?
282,N,AGREEMENT,SUBJECTIVE,92,NONIRONIC,0.641245306,0.063713148,0.028863877,0.257619321,0.00855839,117,?
283,N,DISAGREEMENT,SUBJECTIVE,86,NONIRONIC,0.14334923,0.279518366,0.035315141,0.355872989,0.185944289,242,?
284,N,DISAGREEMENT,SUBJECTIVE,73,IRONIC,0.287526876,0.134275913,0.097770177,0.265544713,0.214882329,200,?
285,P,DISAGREEMENT,SUBJECTIVE,86,NONIRONIC,0.270294547,0.128366843,0.099814527,0.285060674,0.216463432,165,?
286,N,DISAGREEMENT,SUBJECTIVE,86,NONIRONIC,0.136391759,0.09564396,0.16390577,0.51489985,0.08915861,258,?
287,P,DISAGREEMENT,SUBJECTIVE,76,IRONIC,0.177485228,0.186836407,0.038045608,0.559245706,0.038387042,386,?
288,P,DISAGREEMENT,SUBJECTIVE,81,IRONIC,0.027194621,0.387448609,0.05933949,0.069700107,0.456317186,693,?
289,NEU,DISAGREEMENT,SUBJECTIVE,73,IRONIC,0.354514897,0.102566302,0.309793055,0.200970441,0.032155339,138,?
290,P,DISAGREEMENT,SUBJECTIVE,73,IRONIC,0.464889169,0.131620407,0.043073643,0.294353753,0.066063032,409,?
291,P,DISAGREEMENT,SUBJECTIVE,76,IRONIC,0.050623436,0.232929096,0.113542318,0.060336653,0.542568505,33,?
292,P,AGREEMENT,SUBJECTIVE,100,NONIRONIC,0.004072123,0.01564428,0.001406386,0.013929594,0.964947581,122,?
293,P,DISAGREEMENT,SUBJECTIVE,76,IRONIC,0.044825718,0.35362342,0.029015806,0.091838837,0.480696261,150,?
294,P,DISAGREEMENT,SUBJECTIVE,76,IRONIC,0.473528266,0.145356387,0.13513115,0.191349983,0.05463424,168,?
295,P,DISAGREEMENT,SUBJECTIVE,76,IRONIC,0.143853769,0.169056877,0.028077116,0.338032961,0.320979238,96,?
296,P,DISAGREEMENT,SUBJECTIVE,74,IRONIC,0.577340603,0.18592678,0.028233558,0.130343735,0.078155346,100,?
297,P,DISAGREEMENT,SUBJECTIVE,86,NONIRONIC,0.411274701,0.087650888,0.091709822,0.355569363,0.053795218,32,?
298,N,DISAGREEMENT,SUBJECTIVE,86,NONIRONIC,0.273485065,0.01778356,0.052433524,0.555287361,0.101010554,228,?
299,P,DISAGREEMENT,SUBJECTIVE,81,IRONIC,0.47832948,0.195672393,0.038778022,0.250143349,0.037076768,309,?
300,P,DISAGREEMENT,SUBJECTIVE,76,IRONIC,0.202350646,0.079353258,0.056333266,0.480805039,0.181157827,196,?
301,P,DISAGREEMENT,SUBJECTIVE,81,IRONIC,0.171286151,0.453918874,0.067945287,0.191519961,0.11532975,93,?
302,P,DISAGREEMENT,SUBJECTIVE,84,NONIRONIC,0.185749561,0.491500258,0.024659926,0.164897382,0.133192837,194,?
303,P,DISAGREEMENT,SUBJECTIVE,81,NONIRONIC,0.57327503,0.078850672,0.041275524,0.297387362,0.009211422,174,?
304,P,AGREEMENT,SUBJECTIVE,100,NONIRONIC,0.0840846,0.301069945,0.112863362,0.270164639,0.231817439,383,?
305,P,DISAGREEMENT,SUBJECTIVE,73,IRONIC,0.253690422,0.517582178,0.035474136,0.157833219,0.035420023,88,?
306,P,AGREEMENT,SUBJECTIVE,90,IRONIC,0.120640725,0.266264141,0.041923538,0.20462507,0.366546512,77,?
307,P+,DISAGREEMENT,SUBJECTIVE,86,NONIRONIC,0.572797716,0.083497569,0.108477324,0.220219985,0.015007429,202,?
308,P,DISAGREEMENT,SUBJECTIVE,73,IRONIC,0.476457983,0.079260767,0.172030658,0.249343961,0.02290662,15,?
309,NEU,DISAGREEMENT,SUBJECTIVE,94,NONIRONIC,0.048282176,0.198667139,0.039431866,0.201622814,0.511995912,87,?
310,P,DISAGREEMENT,SUBJECTIVE,84,IRONIC,0.095511004,0.085471652,0.038874783,0.282543242,0.497599363,34,?
311,NEU,DISAGREEMENT,SUBJECTIVE,94,NONIRONIC,0.364876479,0.231975228,0.118134826,0.268998682,0.016014777,63,?
312,P,AGREEMENT,SUBJECTIVE,92,NONIRONIC,0.298739135,0.057171062,0.111822546,0.406291187,0.125976071,183,?
313,P,DISAGREEMENT,SUBJECTIVE,86,NONIRONIC,0.092851259,0.062381029,0.060222596,0.100834996,0.683710098,292,?
314,P,DISAGREEMENT,SUBJECTIVE,74,IRONIC,0.357212245,0.120210446,0.058826197,0.339013398,0.124737769,69,?
315,N,DISAGREEMENT,SUBJECTIVE,84,IRONIC,0.240875378,0.147912487,0.01227471,0.197942287,0.400995076,181,?
316,P,DISAGREEMENT,SUBJECTIVE,83,NONIRONIC,0.259401858,0.137441322,0.085915416,0.342371285,0.174870118,63,?
317,N,DISAGREEMENT,SUBJECTIVE,76,IRONIC,0.236046925,0.269607008,0.104513109,0.342120051,0.047712851,183,?
318,N,DISAGREEMENT,SUBJECTIVE,84,NONIRONIC,0.385932982,0.284836352,0.06754905,0.232767344,0.028914256,57,?
319,P,DISAGREEMENT,SUBJECTIVE,94,NONIRONIC,0.567034006,0.228445217,0.093423799,0.101317957,0.009779077,84,?
320,P,DISAGREEMENT,SUBJECTIVE,76,IRONIC,0.743538499,0.011628847,0.084510863,0.155815586,0.004506236,34,?
321,P+,AGREEMENT,SUBJECTIVE,100,NONIRONIC,0.113855422,0.48025769,0.100910127,0.283842534,0.021134222,1113,?
322,N,DISAGREEMENT,SUBJECTIVE,73,IRONIC,0.215306371,0.154193938,0.07298559,0.482489944,0.075024106,148,?
323,P,DISAGREEMENT,SUBJECTIVE,86,NONIRONIC,0.517407119,0.059126474,0.231191799,0.104305223,0.0879694,108,?
324,P,DISAGREEMENT,SUBJECTIVE,74,IRONIC,0.152232379,0.127917081,0.045319743,0.344198227,0.330332518,57,?
325,P,DISAGREEMENT,SUBJECTIVE,92,NONIRONIC,0.211572438,0.308829844,0.044645913,0.410218209,0.024733646,155,?
326,N,AGREEMENT,SUBJECTIVE,100,NONIRONIC,0.547900021,0.144352525,0.132487908,0.144725472,0.030534098,54,?
327,P,DISAGREEMENT,SUBJECTIVE,82,IRONIC,0.561282694,0.093534209,0.064272702,0.202492908,0.078417517,153,?
328,P,DISAGREEMENT,SUBJECTIVE,84,NONIRONIC,0.517310619,0.145239383,0.03825628,0.28104037,0.018153375,127,?
329,P+,AGREEMENT,SUBJECTIVE,90,IRONIC,0.460836709,0.278309047,0.054730784,0.180739492,0.025384016,86,?
330,P,DISAGREEMENT,SUBJECTIVE,76,IRONIC,0.327879936,0.163171276,0.069005705,0.415540218,0.024402812,55,?
331,P+,AGREEMENT,SUBJECTIVE,77,IRONIC,0.374239564,0.151127964,0.04464972,0.283834726,0.146148011,201,?
332,P,DISAGREEMENT,SUBJECTIVE,86,NONIRONIC,0.396805614,0.114610098,0.039105952,0.349761069,0.099717274,81,?
333,P,DISAGREEMENT,SUBJECTIVE,76,IRONIC,0.792665362,0.010143104,0.016121106,0.137100011,0.043970443,62,?
334,P,AGREEMENT,SUBJECTIVE,100,NONIRONIC,0.04246125,0.717993855,0.071466178,0.071715966,0.09636277,72,?
335,NEU,DISAGREEMENT,SUBJECTIVE,86,NONIRONIC,0.679123163,0.035336427,0.049456347,0.174940243,0.061143842,106,?
336,N,DISAGREEMENT,SUBJECTIVE,76,IRONIC,0.628892064,0.061773144,0.045201998,0.194465324,0.069667436,45,?
337,P,AGREEMENT,SUBJECTIVE,100,NONIRONIC,0.073688589,0.467210174,0.04781406,0.13654083,0.274746329,196,?
338,NEU,DISAGREEMENT,SUBJECTIVE,73,IRONIC,0.717911303,0.031794321,0.065410778,0.166015372,0.018868279,28,?
339,N,DISAGREEMENT,SUBJECTIVE,92,NONIRONIC,0.25947684,0.029537797,0.049482748,0.528997242,0.132505447,164,?
340,P,DISAGREEMENT,SUBJECTIVE,86,NONIRONIC,0.025733091,0.649119377,0.029615944,0.07901141,0.216520131,161,?
341,P,DISAGREEMENT,SUBJECTIVE,84,IRONIC,0.02394616,0.683905721,0.062644251,0.076764092,0.152739763,108,?
342,NEU,DISAGREEMENT,SUBJECTIVE,86,NONIRONIC,0.109037288,0.150218785,0.021496892,0.350093454,0.369153589,117,?
343,P,DISAGREEMENT,SUBJECTIVE,81,IRONIC,0.036122724,0.541912436,0.037165102,0.104508191,0.280291587,90,?
344,P,AGREEMENT,SUBJECTIVE,82,IRONIC,0.748462856,0.046818614,0.02132581,0.156556413,0.02683628,344,?
345,P,DISAGREEMENT,SUBJECTIVE,91,NONIRONIC,0.693132758,0.074671574,0.089047685,0.140404582,0.002743376,177,?
346,P+,DISAGREEMENT,SUBJECTIVE,92,NONIRONIC,0.073391147,0.64842695,0.021683631,0.118714169,0.137784123,18,?
347,P+,AGREEMENT,SUBJECTIVE,100,NONIRONIC,0.001198781,0.016936712,0.000632229,0.001913099,0.979319155,39,?
348,P+,DISAGREEMENT,SUBJECTIVE,86,NONIRONIC,0.006697817,0.421365201,0.005540837,0.031117894,0.535278201,68,?
349,NEU,DISAGREEMENT,SUBJECTIVE,86,NONIRONIC,0.174209327,0.175352216,0.130576149,0.375955492,0.143906772,21,?
350,NEU,DISAGREEMENT,SUBJECTIVE,86,NONIRONIC,0.007845317,0.017095258,0.001420059,0.020303058,0.953336298,124,?
351,P,DISAGREEMENT,SUBJECTIVE,76,IRONIC,0.431795985,0.103447475,0.093884446,0.284517884,0.086354278,35,?
352,P,AGREEMENT,SUBJECTIVE,100,NONIRONIC,0.038080379,0.153700784,0.017395586,0.074438468,0.716384768,331,?
353,P,DISAGREEMENT,SUBJECTIVE,76,IRONIC,0.446108431,0.217769682,0.034169424,0.25017947,0.05177296,133,?
354,P,DISAGREEMENT,SUBJECTIVE,84,NONIRONIC,0.105026677,0.111353233,0.075448677,0.502338827,0.205832526,40,?
355,P,AGREEMENT,SUBJECTIVE,98,NONIRONIC,0.021119894,0.235546798,0.025959805,0.031640917,0.685732603,63,?
356,P,DISAGREEMENT,SUBJECTIVE,86,NONIRONIC,0.037378408,0.229911342,0.140211672,0.133831024,0.458667576,82,?
357,N,AGREEMENT,SUBJECTIVE,90,IRONIC,0.315609753,0.038794909,0.073584214,0.253846645,0.318164438,308,?
358,N,AGREEMENT,SUBJECTIVE,92,NONIRONIC,0.628187776,0.040976189,0.035269413,0.274130613,0.021436006,197,?
359,N,DISAGREEMENT,SUBJECTIVE,86,NONIRONIC,0.491280913,0.067055963,0.054888267,0.32262969,0.06414517,70,?
360,P,DISAGREEMENT,SUBJECTIVE,84,IRONIC,0.064739905,0.470057696,0.03719689,0.162248492,0.265757054,150,?
361,P,DISAGREEMENT,SUBJECTIVE,73,IRONIC,0.692891121,0.029623659,0.041589428,0.221914291,0.013981491,120,?
362,P,DISAGREEMENT,SUBJECTIVE,76,IRONIC,0.174153954,0.092290357,0.108604521,0.41162169,0.213329464,57,?
363,N,DISAGREEMENT,SUBJECTIVE,94,NONIRONIC,0.392745912,0.150492057,0.069686897,0.294473052,0.092602096,78,?
364,NEU,DISAGREEMENT,OBJECTIVE,94,NONIRONIC,0.416900337,0.106019571,0.227228403,0.231119305,0.018732382,135,?
365,P+,AGREEMENT,SUBJECTIVE,98,NONIRONIC,0.067637734,0.196589813,0.025075477,0.093522832,0.617174089,165,?
366,P,DISAGREEMENT,SUBJECTIVE,86,NONIRONIC,0.457016438,0.139581487,0.064161785,0.315264642,0.023975655,72,?
367,P,DISAGREEMENT,SUBJECTIVE,84,NONIRONIC,0.101175353,0.198768988,0.055630747,0.50082916,0.143595725,103,?
368,NEU,DISAGREEMENT,SUBJECTIVE,76,IRONIC,0.240937784,0.164477825,0.026185267,0.490574151,0.077824913,85,?
369,P,DISAGREEMENT,OBJECTIVE,84,NONIRONIC,0.417596519,0.197425872,0.110287875,0.240149945,0.034539782,73,?
370,P+,AGREEMENT,SUBJECTIVE,100,NONIRONIC,0.025138853,0.21660158,0.013233395,0.040141717,0.704884529,23,?
371,P,AGREEMENT,SUBJECTIVE,98,NONIRONIC,0.348059773,0.20950608,0.012859137,0.076483876,0.353091091,19,?
372,N,AGREEMENT,SUBJECTIVE,100,NONIRONIC,0.078265697,0.168657005,0.127211705,0.579216182,0.046649441,202,?
373,NEU,DISAGREEMENT,SUBJECTIVE,76,IRONIC,0.430805027,0.117249578,0.123098761,0.27410084,0.054745782,43,?
374,N,AGREEMENT,SUBJECTIVE,90,IRONIC,0.13046883,0.307713568,0.24780634,0.258590758,0.055420469,53,?
375,P,DISAGREEMENT,SUBJECTIVE,92,NONIRONIC,0.097108036,0.529809833,0.212491944,0.083789542,0.076800629,135,?
376,N,DISAGREEMENT,SUBJECTIVE,84,NONIRONIC,0.708824158,0.039217599,0.051651232,0.157265544,0.043041412,111,?
377,P+,AGREEMENT,SUBJECTIVE,92,NONIRONIC,0.063414007,0.064064741,0.035787631,0.102563679,0.73416996,190,?
378,P,DISAGREEMENT,SUBJECTIVE,79,IRONIC,0.562796354,0.094882794,0.069636889,0.209811926,0.062872037,27,?
379,NEU,DISAGREEMENT,SUBJECTIVE,86,NONIRONIC,0.036867663,0.446636617,0.038451321,0.110669658,0.367374778,80,?
380,P,DISAGREEMENT,SUBJECTIVE,84,IRONIC,0.552461863,0.108401574,0.050789818,0.21737051,0.070976235,117,?
381,P,DISAGREEMENT,SUBJECTIVE,73,IRONIC,0.431884706,0.087230146,0.073544279,0.296376705,0.110964164,44,?
382,P,AGREEMENT,SUBJECTIVE,100,NONIRONIC,0.113899581,0.323288083,0.431448191,0.116676114,0.014688036,45,?
383,P+,AGREEMENT,SUBJECTIVE,100,NONIRONIC,0.018110992,0.525572717,0.014453692,0.067847744,0.374014854,45,?
384,N,AGREEMENT,SUBJECTIVE,100,NONIRONIC,0.477153361,0.048492935,0.05656597,0.410209239,0.007578501,121,?
385,NEU,DISAGREEMENT,SUBJECTIVE,83,NONIRONIC,0.135592699,0.314634383,0.086259425,0.276330799,0.187182695,124,?
386,P,DISAGREEMENT,SUBJECTIVE,76,IRONIC,0.447108984,0.116025306,0.161375776,0.22692658,0.048563354,20,?
387,P,AGREEMENT,SUBJECTIVE,98,NONIRONIC,0.001381757,0.16612263,0.003205473,0.002482787,0.82680738,283,?
388,NEU,DISAGREEMENT,SUBJECTIVE,76,IRONIC,0.247653306,0.108007863,0.16532135,0.398693889,0.080323562,31,?
389,P,AGREEMENT,SUBJECTIVE,100,NONIRONIC,0.155427396,0.24860695,0.022857899,0.358088046,0.215019688,56,?
390,P,AGREEMENT,SUBJECTIVE,92,NONIRONIC,0.801313758,0.002831693,0.0314251,0.156047016,0.008382404,225,?
391,NEU,DISAGREEMENT,SUBJECTIVE,84,NONIRONIC,0.162295625,0.184527516,0.131835014,0.432283163,0.08905866,52,?
392,P,DISAGREEMENT,SUBJECTIVE,92,NONIRONIC,0.261694133,0.432732701,0.045838699,0.201110631,0.058623791,231,?
393,N,DISAGREEMENT,SUBJECTIVE,73,IRONIC,0.507059932,0.041404594,0.044490162,0.187918723,0.219126597,65,?
394,P,DISAGREEMENT,SUBJECTIVE,86,NONIRONIC,0.499031305,0.243766308,0.05041777,0.157305509,0.049479149,221,?
395,P,DISAGREEMENT,SUBJECTIVE,86,NONIRONIC,0.653140247,0.044906251,0.04081066,0.138996363,0.122146413,126,?
396,P,DISAGREEMENT,SUBJECTIVE,81,IRONIC,0.073793322,0.237279683,0.045302022,0.09739612,0.546228826,213,?
397,N,DISAGREEMENT,SUBJECTIVE,83,NONIRONIC,0.485488355,0.032720767,0.24198629,0.191600919,0.04820371,138,?
398,N,DISAGREEMENT,SUBJECTIVE,86,NONIRONIC,0.278580546,0.222153932,0.228744328,0.257366478,0.013154754,244,?
399,NEU,DISAGREEMENT,SUBJECTIVE,76,IRONIC,0.328595698,0.105215222,0.163851798,0.373825401,0.028511904,26,?
400,P,AGREEMENT,SUBJECTIVE,100,NONIRONIC,0.007619382,0.338435322,0.010446578,0.052129559,0.591369212,68,?
401,P,DISAGREEMENT,SUBJECTIVE,76,IRONIC,0.110130608,0.398499966,0.060043253,0.32763344,0.103692695,129,?
402,P,AGREEMENT,SUBJECTIVE,100,NONIRONIC,0.058152355,0.292640358,0.099817425,0.159561932,0.389827937,185,?
403,N,DISAGREEMENT,SUBJECTIVE,86,NONIRONIC,0.481244117,0.100235768,0.150495276,0.221623123,0.046401702,17,?
404,P,AGREEMENT,SUBJECTIVE,100,NONIRONIC,0.001835012,0.039532423,0.001414812,0.005503188,0.951714575,38,?
405,P,AGREEMENT,SUBJECTIVE,100,NONIRONIC,0.207128257,0.138993233,0.049687989,0.312604904,0.291585624,150,?
406,N,AGREEMENT,SUBJECTIVE,82,IRONIC,0.479227245,0.11405322,0.145714343,0.120626345,0.140378818,66,?
407,P,DISAGREEMENT,SUBJECTIVE,86,NONIRONIC,0.212051958,0.270332605,0.045911413,0.375190198,0.096513838,257,?
408,N,DISAGREEMENT,SUBJECTIVE,86,NONIRONIC,0.612646699,0.044779245,0.06029512,0.216052681,0.066226266,230,?
409,NEU,DISAGREEMENT,SUBJECTIVE,92,NONIRONIC,0.271688998,0.428255498,0.097003043,0.167056352,0.035996072,120,?
410,N,DISAGREEMENT,SUBJECTIVE,94,NONIRONIC,0.742737532,0.046091869,0.045167282,0.154349327,0.011653987,134,?
411,N,DISAGREEMENT,SUBJECTIVE,76,IRONIC,0.279397279,0.168008238,0.127051637,0.366411209,0.059131663,49,?
412,P+,DISAGREEMENT,SUBJECTIVE,90,NONIRONIC,0.029497685,0.651878119,0.012852354,0.097294733,0.208477139,246,?
413,N,DISAGREEMENT,SUBJECTIVE,73,IRONIC,0.041173361,0.05401051,0.05109394,0.09440659,0.75931561,41,?
414,P+,AGREEMENT,SUBJECTIVE,98,NONIRONIC,0.130278289,0.366023839,0.032398976,0.18210566,0.289193243,82,?
415,P,AGREEMENT,SUBJECTIVE,100,NONIRONIC,0.675564528,0.060433093,0.098397963,0.107143909,0.058460489,136,?
416,P,DISAGREEMENT,SUBJECTIVE,82,IRONIC,0.413186222,0.210477665,0.05767769,0.264975488,0.053682968,35,?
417,NEU,DISAGREEMENT,OBJECTIVE,94,NONIRONIC,0.771440804,0.011769427,0.015410994,0.162797064,0.038581714,107,?
418,P,DISAGREEMENT,SUBJECTIVE,76,IRONIC,0.567707896,0.022297274,0.023225145,0.151072547,0.235697091,250,?
419,P,DISAGREEMENT,SUBJECTIVE,76,IRONIC,0.668910027,0.06495779,0.034590971,0.176153496,0.055387694,39,?
420,P,DISAGREEMENT,SUBJECTIVE,82,IRONIC,0.018732445,0.298019677,0.01672956,0.044859715,0.621658564,298,?
421,P,DISAGREEMENT,SUBJECTIVE,81,IRONIC,0.393005788,0.231457293,0.114597388,0.229115665,0.031823892,167,?
422,NEU,DISAGREEMENT,SUBJECTIVE,73,IRONIC,0.204272956,0.157303348,0.089253798,0.41313234,0.136037543,60,?
423,P,DISAGREEMENT,SUBJECTIVE,94,NONIRONIC,0.015680252,0.149022311,0.031551395,0.033867415,0.769878626,272,?
424,P,DISAGREEMENT,SUBJECTIVE,81,IRONIC,0.554346442,0.119410463,0.09069176,0.226202756,0.009348557,76,?
425,NEU,DISAGREEMENT,SUBJECTIVE,84,IRONIC,0.536409259,0.056979291,0.034220099,0.3201859,0.052205514,48,?
426,NEU,DISAGREEMENT,SUBJECTIVE,74,IRONIC,0.539548516,0.05861285,0.05453679,0.246021643,0.101280265,62,?
427,N,DISAGREEMENT,SUBJECTIVE,76,IRONIC,0.252740771,0.09029375,0.239245027,0.354915023,0.062805459,64,?
428,P+,DISAGREEMENT,SUBJECTIVE,84,NONIRONIC,0.378183365,0.142768204,0.165323913,0.28298524,0.030739302,43,?
429,N,AGREEMENT,SUBJECTIVE,100,NONIRONIC,0.278080404,0.152329564,0.111487485,0.366509259,0.091593288,145,?
430,P+,AGREEMENT,SUBJECTIVE,90,IRONIC,0.599763989,0.139273331,0.057752423,0.134292394,0.068917871,103,?
431,P,DISAGREEMENT,SUBJECTIVE,76,IRONIC,0.289987028,0.124388382,0.101024121,0.338388622,0.146211848,65,?
432,P+,AGREEMENT,SUBJECTIVE,92,NONIRONIC,0.050634112,0.560884714,0.056511026,0.089456968,0.242513165,47,?
433,N+,AGREEMENT,SUBJECTIVE,88,IRONIC,0.167495012,0.104018033,0.067635052,0.508357406,0.152494535,195,?
434,P,DISAGREEMENT,SUBJECTIVE,83,NONIRONIC,0.469917357,0.135583073,0.072635397,0.206329674,0.115534499,88,?
435,P,DISAGREEMENT,SUBJECTIVE,86,NONIRONIC,0.176228583,0.095769003,0.048736241,0.213091433,0.466174722,29,?
436,P,DISAGREEMENT,SUBJECTIVE,86,NONIRONIC,0.049446199,0.123670682,0.714682698,0.085552916,0.026647506,86,?
437,N,DISAGREEMENT,SUBJECTIVE,76,IRONIC,0.493894756,0.117891178,0.082015172,0.154422969,0.151775941,76,?
438,N,AGREEMENT,SUBJECTIVE,92,NONIRONIC,0.683424473,0.016419558,0.050419357,0.183579132,0.066157401,126,?
439,N,DISAGREEMENT,SUBJECTIVE,86,NONIRONIC,0.111142389,0.455471992,0.089014865,0.208717406,0.135653302,114,?
440,P,DISAGREEMENT,SUBJECTIVE,86,NONIRONIC,0.032565199,0.829612792,0.019277612,0.052044947,0.066499457,430,?
441,P,DISAGREEMENT,SUBJECTIVE,76,IRONIC,0.56049931,0.078915864,0.179155409,0.111364998,0.070064433,509,?
442,P,DISAGREEMENT,SUBJECTIVE,86,NONIRONIC,0.454520822,0.219846204,0.06730517,0.209955275,0.048372451,195,?
443,P,DISAGREEMENT,SUBJECTIVE,76,IRONIC,0.144196212,0.468098581,0.091011703,0.202447504,0.09424606,344,?
444,P,DISAGREEMENT,SUBJECTIVE,74,IRONIC,0.525487065,0.030127032,0.081859231,0.336456537,0.026070131,115,?
445,NEU,DISAGREEMENT,SUBJECTIVE,76,IRONIC,0.410479963,0.111232795,0.05329448,0.385748625,0.0392441,195,?
446,N,AGREEMENT,SUBJECTIVE,82,IRONIC,0.150929406,0.053920586,0.023938511,0.137562692,0.633648813,103,?
447,NEU,DISAGREEMENT,SUBJECTIVE,86,NONIRONIC,0.561178923,0.054065783,0.050339103,0.284434855,0.049981352,65,?
448,P,AGREEMENT,SUBJECTIVE,100,NONIRONIC,0.220492691,0.465819538,0.034368187,0.238846257,0.040473327,324,?
449,NEU,DISAGREEMENT,SUBJECTIVE,73,IRONIC,0.405361533,0.113764212,0.064541787,0.395567447,0.020765051,92,?
450,NEU,AGREEMENT,SUBJECTIVE,79,IRONIC,0.245580092,0.191054657,0.047604211,0.379843324,0.135917723,25,?
451,P,DISAGREEMENT,SUBJECTIVE,86,NONIRONIC,0.008565749,0.233517826,0.011286842,0.030553728,0.716075778,62,?
452,N,DISAGREEMENT,SUBJECTIVE,86,NONIRONIC,0.062193587,0.100907981,0.012614181,0.174496323,0.649787903,75,?
453,P+,DISAGREEMENT,SUBJECTIVE,73,IRONIC,0.197425634,0.300315201,0.091183797,0.356480956,0.054594465,94,?
454,N,DISAGREEMENT,SUBJECTIVE,86,NONIRONIC,0.534782648,0.081443086,0.090829626,0.234531939,0.058412723,29,?
455,P,DISAGREEMENT,OBJECTIVE,92,NONIRONIC,0.607637942,0.117717005,0.098325342,0.13530685,0.041012894,129,?
456,N+,DISAGREEMENT,SUBJECTIVE,94,NONIRONIC,0.097648457,0.067663655,0.508014023,0.253276557,0.073397294,79,?
457,P,DISAGREEMENT,SUBJECTIVE,86,NONIRONIC,0.432941645,0.229708597,0.090619236,0.204654008,0.042076483,157,?
458,P,DISAGREEMENT,SUBJECTIVE,76,IRONIC,0.518632472,0.094513044,0.041898042,0.332041621,0.012914783,339,?
459,NEU,DISAGREEMENT,SUBJECTIVE,73,IRONIC,0.701734662,0.020368228,0.030114545,0.207971066,0.03981147,27,?
460,P+,AGREEMENT,SUBJECTIVE,98,NONIRONIC,0.234434038,0.502689958,0.044517845,0.141140461,0.077217653,34,?
461,NEU,DISAGREEMENT,SUBJECTIVE,86,NONIRONIC,0.599990368,0.096543759,0.09794043,0.15392147,0.051603995,36,?
462,P,DISAGREEMENT,SUBJECTIVE,84,NONIRONIC,0.065963686,0.121551253,0.014293896,0.05550009,0.74269104,197,?
463,P,DISAGREEMENT,SUBJECTIVE,86,NONIRONIC,0.505851924,0.114057675,0.082820989,0.260935158,0.036334265,312,?
464,N,DISAGREEMENT,SUBJECTIVE,76,IRONIC,0.565769613,0.08826901,0.031165328,0.270528883,0.044267215,46,?
465,P+,AGREEMENT,SUBJECTIVE,98,NONIRONIC,0.010796283,0.754288673,0.029067477,0.070007749,0.13583976,128,?
466,NEU,DISAGREEMENT,SUBJECTIVE,86,NONIRONIC,0.15844442,0.539058805,0.072004795,0.187594026,0.042897984,31,?
467,P,DISAGREEMENT,SUBJECTIVE,86,NONIRONIC,0.015532,0.064261168,0.004814245,0.023818165,0.891574383,100,?
468,P,DISAGREEMENT,SUBJECTIVE,86,NONIRONIC,0.439894825,0.132089734,0.080378942,0.311232209,0.036404204,111,?
469,P,DISAGREEMENT,SUBJECTIVE,94,NONIRONIC,0.045674756,0.235178888,0.259837151,0.075631812,0.383677363,350,?
470,P,DISAGREEMENT,SUBJECTIVE,74,IRONIC,0.307410061,0.186705947,0.124524727,0.348511517,0.032847703,71,?
471,P,DISAGREEMENT,SUBJECTIVE,91,NONIRONIC,0.06566298,0.381415039,0.228975669,0.108582623,0.215363681,121,?
472,P,DISAGREEMENT,SUBJECTIVE,76,IRONIC,0.369389415,0.026560992,0.019007582,0.533930659,0.051111303,131,?
473,N,DISAGREEMENT,SUBJECTIVE,86,NONIRONIC,0.336965382,0.020021377,0.045735277,0.436282486,0.160995454,165,?
474,P,AGREEMENT,SUBJECTIVE,82,IRONIC,0.264533162,0.165958583,0.392177224,0.156260088,0.021070909,128,?
475,N,DISAGREEMENT,SUBJECTIVE,86,NONIRONIC,0.623589873,0.02004113,0.034853995,0.302121937,0.019393058,38,?
476,N,DISAGREEMENT,SUBJECTIVE,76,IRONIC,0.541976929,0.081861079,0.026158649,0.311133653,0.038869694,78,?
477,P,DISAGREEMENT,SUBJECTIVE,76,IRONIC,0.46941787,0.103854313,0.114674926,0.263182312,0.048870545,77,?
478,P,DISAGREEMENT,SUBJECTIVE,84,NONIRONIC,0.048500542,0.565102994,0.100228794,0.085138395,0.201029256,51,?
479,P,DISAGREEMENT,SUBJECTIVE,94,NONIRONIC,0.590506911,0.053720053,0.170184985,0.174134284,0.011453753,130,?
480,P,DISAGREEMENT,SUBJECTIVE,76,IRONIC,0.398113668,0.091288403,0.119916826,0.33638075,0.054300364,62,?
481,P,DISAGREEMENT,SUBJECTIVE,86,NONIRONIC,0.444258094,0.23899585,0.051474921,0.167577296,0.097693823,34,?
482,P,DISAGREEMENT,SUBJECTIVE,86,NONIRONIC,0.030308295,0.083530203,0.009061385,0.042479753,0.834620357,54,?
483,P+,AGREEMENT,SUBJECTIVE,100,NONIRONIC,0.002760295,0.334026277,0.001809261,0.014087147,0.647317052,70,?
484,N,DISAGREEMENT,SUBJECTIVE,83,NONIRONIC,0.514452577,0.041528866,0.072113194,0.208986938,0.162918419,77,?
485,P,DISAGREEMENT,OBJECTIVE,83,NONIRONIC,0.349056214,0.172264338,0.157507718,0.266639084,0.054532651,281,?
486,P,DISAGREEMENT,SUBJECTIVE,76,IRONIC,0.290454209,0.102265291,0.090261899,0.500478327,0.01654028,46,?
487,P,AGREEMENT,SUBJECTIVE,87,IRONIC,0.151395038,0.378265858,0.051164761,0.139569268,0.27960512,112,?
488,P,DISAGREEMENT,SUBJECTIVE,86,NONIRONIC,0.190457672,0.150164783,0.072942875,0.127691537,0.458743155,243,?
489,P,DISAGREEMENT,SUBJECTIVE,73,IRONIC,0.084586218,0.245804787,0.054987073,0.235109285,0.379512638,52,?
490,P+,AGREEMENT,SUBJECTIVE,90,IRONIC,0.37017101,0.248494625,0.099471889,0.268705815,0.013156647,102,?
491,P,AGREEMENT,SUBJECTIVE,97,NONIRONIC,0.106446728,0.104525879,0.031509846,0.094020799,0.663496733,122,?
492,N,DISAGREEMENT,SUBJECTIVE,84,IRONIC,0.182383686,0.193365097,0.026763845,0.431436658,0.166050702,71,?
493,P,DISAGREEMENT,SUBJECTIVE,94,NONIRONIC,0.046062812,0.603079438,0.079909071,0.125364631,0.145583972,104,?
494,P,DISAGREEMENT,SUBJECTIVE,81,IRONIC,0.217346132,0.157115489,0.026037404,0.098467201,0.501033783,78,?
495,P+,AGREEMENT,SUBJECTIVE,100,NONIRONIC,0.203689784,0.118749104,0.07867045,0.287409544,0.311481059,209,?
496,NEU,DISAGREEMENT,SUBJECTIVE,74,IRONIC,0.385239601,0.074850865,0.086691141,0.386348188,0.06687022,75,?
497,NEU,DISAGREEMENT,SUBJECTIVE,76,IRONIC,0.293619126,0.263388991,0.036111552,0.228322998,0.178557307,368,?
498,P,DISAGREEMENT,SUBJECTIVE,73,IRONIC,0.047107577,0.686010838,0.045213487,0.083151616,0.138516441,1061,?
499,P,DISAGREEMENT,SUBJECTIVE,76,IRONIC,0.534566939,0.068481803,0.29054752,0.075064048,0.031339657,99,?
500,P,DISAGREEMENT,SUBJECTIVE,91,NONIRONIC,0.017566852,0.026886076,0.012562531,0.034893703,0.908090889,155,?
