extraversion,openness,agreeableness,conscientiousness
0.362640396,0.777535005,0.490651639,0.508673108
0.536946469,0.423971474,0.447166575,0.512515823
0.480717384,0.507497538,0.393396258,0.526351406
0.514327575,0.46115479,0.480755387,0.528069907
0.519547331,0.446545232,0.444539639,0.486847493
0.48274313,0.511158652,0.521978133,0.456808227
0.511034067,0.503471137,0.468887006,0.508840257
0.41136968,0.525535282,0.484104939,0.50209141
0.495345554,0.553936746,0.437431581,0.493770046
0.483829736,0.538622554,0.48659691,0.514011991
0.509629034,0.52295978,0.441726832,0.501010436
0.51877184,0.530611098,0.436349761,0.504708737
0.454147372,0.590562522,0.316938056,0.502897596
0.551548935,0.483857294,0.56916801,0.496902061
0.603624932,0.496375701,0.558852569,0.41245063
0.501196838,0.49331476,0.4075914,0.491832512
0.426540259,0.508621343,0.402035158,0.552353681
0.501306744,0.527169818,0.499556568,0.493607569
0.408487333,0.478912496,0.570960853,0.535862902
0.494052766,0.438311331,0.389831329,0.583698993
0.413843611,0.52886445,0.370300689,0.534897226
0.439513769,0.510023843,0.411587927,0.538899287
0.486617869,0.521038133,0.446517622,0.603270887
0.490922822,0.547892858,0.353629702,0.519394439
0.463805631,0.494711774,0.47543393,0.499529805
0.389185326,0.588395887,0.486514926,0.506896459
0.48428925,0.528353974,0.445995846,0.502009623
0.531947212,0.478015458,0.500440581,0.501302508
0.648283664,0.501855457,0.493957809,0.488381918
0.602323649,0.47555523,0.519844278,0.498563669
0.518441862,0.548068662,0.401129177,0.446986717
0.470195853,0.547700369,0.391653376,0.510689379
0.54228762,0.50915105,0.496425308,0.490155903
0.473425737,0.540380129,0.409704398,0.525785176
0.492205765,0.506241716,0.563818406,0.507045489
0.475845997,0.501754138,0.410852455,0.491932906
0.503628948,0.549636209,0.415867703,0.520168532
0.405104413,0.529850306,0.398211251,0.525207933
0.419251509,0.658001526,0.39736595,0.457118834
0.574836344,0.58138501,0.435940012,0.497776653
0.487129839,0.565043502,0.35287413,0.456714773
0.54669601,0.522159218,0.402922682,0.501688428
0.476276125,0.495485428,0.468366141,0.526958293
0.420551231,0.475877266,0.336620373,0.562784279
0.482012908,0.544314732,0.380494859,0.495908692
0.470791613,0.479208186,0.546459706,0.545921265
0.398802721,0.533479045,0.431126694,0.581463246
0.5391118,0.562985125,0.518721027,0.450906091
0.504898155,0.577948594,0.45671137,0.482723508
0.523301169,0.598477907,0.507842641,0.445239604
0.487729564,0.353982611,0.526085544,0.477054838
0.48617087,0.501029608,0.394891453,0.516470181
0.538183092,0.454456229,0.536900466,0.496555683
0.463351631,0.437454881,0.434401159,0.525891291
0.621269535,0.619420162,0.358429205,0.428343903
0.425094299,0.518736977,0.404036878,0.528108447
0.495516362,0.527223965,0.495868344,0.523220028
0.571717099,0.486357809,0.49658124,0.493818382
0.486635259,0.455305,0.41850318,0.529859361
0.474949678,0.536196344,0.38185836,0.514207023
0.464991492,0.458023075,0.390479497,0.53749703
0.523373966,0.454366796,0.50034187,0.50431212
0.432205825,0.566604478,0.377014063,0.509609692
0.552572974,0.476200704,0.452761258,0.548543831
0.465982018,0.472597259,0.424324325,0.490861242
0.443849395,0.567527676,0.367907376,0.489579252
0.473640925,0.477637091,0.416698646,0.510968288
0.544986354,0.572558274,0.436833076,0.491009518
0.439658573,0.55775315,0.329286486,0.562263075
0.494043877,0.450224996,0.502827292,0.54351012
0.472383192,0.446532453,0.386499837,0.571662022
0.499656169,0.498900583,0.432128962,0.511316508
0.428831042,0.567880734,0.363145497,0.502128592
0.428268016,0.532704496,0.453407982,0.528854839
0.48636538,0.4492345,0.369508941,0.532568956
0.52734812,0.519444569,0.411467168,0.509620077
0.521786162,0.564868924,0.447829669,0.452071366
0.452765744,0.490186569,0.435744266,0.482904006
0.566629879,0.463017856,0.422898541,0.508679114
0.487679083,0.45911831,0.466801998,0.548093413
0.491914995,0.518076947,0.458109487,0.485112594
0.558087152,0.489947741,0.507670893,0.493893199
0.481358613,0.482605891,0.455051341,0.501490941
0.410247307,0.480005418,0.355184028,0.552676271
0.540114616,0.508545389,0.620651629,0.466939334
0.433695755,0.506172051,0.426401209,0.520836391
0.438447864,0.455638467,0.429021873,0.516728008
0.496559574,0.507536146,0.403672519,0.519144309
0.460592004,0.514326155,0.46996243,0.533951508
0.381164749,0.571576845,0.355226513,0.595397303
0.500563146,0.490173097,0.48375659,0.483253262
0.497386168,0.455001465,0.36174687,0.51097496
0.444660745,0.478163213,0.402865385,0.537939829
0.488084054,0.513480109,0.407920872,0.507997854
0.52010415,0.491268725,0.487166559,0.501990875
0.537984873,0.539938116,0.461032465,0.496931969
0.507406759,0.515129448,0.541012605,0.568623002
0.467286253,0.544775013,0.514702945,0.494743245
0.452424358,0.484319557,0.517856331,0.522490832
0.546330869,0.406664575,0.562221302,0.510039887
0.501260986,0.488037964,0.460757096,0.51089647
0.516637099,0.599688742,0.500862711,0.474860115
0.405345127,0.527353854,0.46697467,0.494880999
0.583184539,0.525692876,0.467616412,0.457775736
0.506588147,0.46856078,0.393121963,0.536359116
0.563836057,0.560180423,0.473793643,0.486474001
0.520663346,0.540546787,0.386816583,0.501100663
0.624894433,0.538944416,0.586206221,0.428068967
0.464147829,0.535864409,0.363910522,0.505530223
0.517072462,0.474329355,0.512496976,0.522261236
0.398762421,0.540091957,0.376099316,0.50473818
0.480120866,0.46171732,0.439108819,0.525586795
0.634654459,0.428778798,0.467078548,0.497250327
0.567975971,0.598988575,0.452927392,0.473414808
0.444336489,0.662770668,0.440601997,0.466545415
0.377936354,0.511996389,0.416426479,0.557771438
0.46080421,0.522305697,0.371479176,0.510996248
0.518814219,0.633313516,0.408288538,0.494244434
0.583678382,0.479931055,0.507622431,0.493173594
0.434357675,0.39490056,0.50028894,0.609940813
0.611197399,0.499105469,0.508904188,0.482781494
0.508567514,0.453764187,0.529485302,0.479940158
0.481732944,0.486636327,0.405400054,0.532047244
0.522103064,0.556149423,0.380680326,0.454319747
0.577739569,0.499481276,0.432612846,0.497976393
0.420522901,0.490091987,0.347348641,0.542287731
0.531959289,0.465106062,0.441793673,0.498595666
0.510013956,0.563708426,0.453706063,0.492120732
0.584568084,0.520547098,0.435523716,0.468475282
0.485007383,0.497330794,0.431893238,0.514400523
0.489081845,0.463690314,0.455143551,0.558736694
0.583987025,0.470073578,0.536280204,0.48326728
0.557549184,0.533631663,0.451294866,0.491940943
0.449134071,0.582945248,0.346668253,0.513518544
0.543740603,0.506444042,0.3991848,0.501892598
0.530927722,0.489943894,0.446811486,0.495425748
0.510140942,0.469837891,0.50631254,0.514125694
0.388188928,0.517636363,0.371538516,0.536067433
0.436350556,0.528895298,0.409900939,0.514372296
0.401483572,0.501789421,0.423548386,0.551328307
0.451070002,0.516505226,0.379611558,0.516737621
0.463282551,0.470633746,0.421025135,0.513484314
0.39321078,0.532465132,0.33427893,0.573084825
0.50647045,0.459951787,0.46417858,0.497587822
0.490918816,0.425034419,0.440163864,0.527173928
0.461804152,0.488125445,0.503806943,0.55275247
0.416285894,0.452816662,0.382462255,0.552640455
0.478899693,0.499608465,0.438786601,0.50507307
0.519571667,0.445527638,0.379347538,0.516495732
0.47626445,0.446203278,0.477602136,0.555312028
0.452754471,0.518439351,0.365382156,0.543314031
0.548871614,0.549759321,0.488918037,0.479038857
0.458840188,0.47661297,0.354586372,0.575737634
0.461424538,0.476673177,0.417128196,0.543995915
0.440408001,0.459425627,0.435154,0.566068568
0.449524266,0.418562534,0.611815637,0.672961488
0.517868672,0.540586911,0.381369209,0.528915135
0.52464652,0.504450654,0.513382571,0.494268854
0.595080426,0.428529323,0.48874082,0.494636137
0.524302376,0.556420181,0.451031984,0.48994215
0.55244388,0.471542732,0.488016044,0.483453253
0.541469533,0.619770496,0.459277234,0.442088185
0.575703227,0.605120591,0.494447744,0.471321613
0.461715851,0.549791348,0.406809172,0.456355579
0.454380247,0.498450661,0.368833567,0.522605632
0.421278541,0.498090891,0.384551583,0.543059806
0.46426749,0.64607233,0.329061322,0.512080942
0.582498385,0.543246012,0.491255079,0.438607143
0.423651846,0.498187836,0.398522593,0.533403525
0.571487351,0.470126166,0.548392431,0.501031047
0.487027381,0.433383933,0.378031001,0.577632919
0.453378591,0.59393692,0.384547231,0.486198641
0.441705668,0.533278775,0.40737085,0.526726435
0.540433564,0.503438754,0.503399507,0.488644423
0.532029607,0.542802939,0.442138515,0.442606437
0.540356292,0.461673971,0.510218918,0.510099244
0.588779527,0.422999126,0.471222528,0.478477295
0.521168461,0.45130736,0.481224687,0.496628804
0.485219525,0.493141968,0.478127469,0.500504495
0.560052455,0.512885898,0.483335998,0.492708147
0.47683344,0.482152599,0.3927137,0.511707469
0.49658247,0.556363497,0.461846985,0.493788761
0.471466775,0.500617976,0.481214605,0.508366354
0.528101869,0.398796068,0.575912946,0.558335809
0.584253623,0.456285489,0.56882085,0.486006347
0.53139242,0.550262632,0.542961459,0.466686672
0.555867303,0.614564521,0.379019568,0.497271684
0.575326585,0.495787789,0.485598413,0.492189347
0.552443258,0.509672981,0.366372214,0.500750319
0.488570182,0.449429979,0.471758411,0.523508692
0.539111291,0.49917252,0.438652109,0.4968756
0.533645627,0.537199142,0.520191994,0.463879658
0.449183134,0.528806229,0.374370801,0.540211952
0.506175622,0.602664343,0.408721089,0.495961682
0.530656378,0.497855979,0.465966042,0.48149246
0.362375264,0.522720028,0.399812452,0.551877254
0.463342855,0.439600938,0.483527947,0.555152192
0.337959374,0.566234588,0.37151381,0.577698018
0.558962898,0.539862153,0.609483221,0.462125276
0.486336553,0.56293224,0.347512615,0.50669858
0.413427446,0.544557435,0.409879287,0.524388873
0.371073186,0.500874134,0.381718032,0.522206752
0.508769055,0.476764372,0.421335757,0.486687228
0.462141764,0.499075835,0.384259525,0.509626971
0.549444941,0.437077234,0.502712284,0.528393574
0.493764174,0.505656477,0.438019124,0.505389162
0.566321858,0.519958824,0.552365018,0.455562931
0.433553543,0.433847926,0.423399847,0.523779533
0.531366509,0.522780274,0.41250612,0.48033395
0.547402401,0.454827935,0.513896185,0.525820394
0.460119343,0.487217002,0.385086063,0.540365545
0.590713804,0.505591109,0.585165618,0.429591353
0.479625361,0.469471442,0.472425769,0.543747997
0.483444097,0.396209926,0.554663052,0.571933924
0.510374956,0.544322907,0.378723811,0.475540044
0.461813923,0.472941517,0.418731181,0.553803104
0.554762539,0.524381377,0.35076674,0.492081413
0.498142769,0.489536012,0.446450426,0.510002241
0.436932827,0.517504125,0.358539009,0.531339246
0.415148428,0.621827905,0.391267959,0.514973359
0.44383719,0.514871831,0.408521039,0.520470217
0.480057428,0.469610956,0.515574822,0.510054416
0.427386092,0.547223251,0.500113388,0.495789987
0.537915831,0.58865505,0.528489522,0.451815399
0.540422763,0.428154254,0.424456029,0.505921562
0.62701413,0.450000795,0.577391846,0.493191583
0.547882842,0.507419039,0.525783014,0.482856714
0.430897663,0.494272564,0.370398988,0.548547709
0.513489173,0.521379883,0.39809469,0.490572457
0.400585102,0.499114375,0.407738759,0.542202685
0.510835439,0.530005192,0.386094742,0.549775636
0.493742751,0.54010936,0.430034687,0.508971524
0.588622786,0.508275965,0.448539272,0.488937324
0.609646363,0.536400529,0.539469542,0.476234656
0.480986031,0.467942325,0.396546918,0.535234708
0.436590391,0.504985918,0.326896853,0.556794237
0.620753572,0.541783392,0.4886359,0.422306029
0.523450715,0.610215759,0.41858421,0.496718254
0.414376033,0.485292378,0.391982581,0.560298212
0.55293765,0.531604733,0.326077068,0.54829938
0.427007296,0.566634052,0.334630327,0.49354947
0.512785603,0.491544766,0.485165963,0.492055516
0.390869073,0.552146421,0.37940866,0.528239921
0.595170544,0.507556162,0.514792497,0.444579281
0.520525244,0.555717265,0.407511481,0.510053214
0.520958678,0.545334234,0.445960577,0.498501807
0.470587966,0.585574493,0.372411882,0.483583113
0.541984549,0.50824043,0.370733584,0.480700714
0.492169702,0.456255346,0.413746751,0.544168789
0.48152161,0.588169941,0.475940909,0.483556338
0.504567122,0.447321929,0.432988689,0.51066076
0.50309149,0.459188638,0.474613272,0.568111794
0.568546238,0.527167174,0.446783535,0.465410339
0.491424652,0.545021789,0.331865672,0.503289617
0.485871062,0.444679031,0.379667632,0.535890244
0.553667488,0.525145919,0.390935347,0.491515195
0.547470418,0.645103255,0.413168218,0.4731272
0.490487055,0.455488668,0.450453002,0.522486763
0.532047579,0.459102718,0.42807042,0.532744702
0.499872647,0.491837854,0.392072261,0.51743817
0.444702163,0.481616105,0.455060326,0.527702156
0.492236474,0.646842752,0.390695149,0.489363015
0.495253411,0.455722994,0.424196178,0.539199985
0.492575895,0.538796041,0.365077589,0.543225465
0.481796795,0.488573062,0.405198632,0.521902818
0.46558257,0.483030319,0.459172015,0.506601504
0.506952446,0.467805493,0.471627225,0.508578594
0.481034865,0.500070903,0.526054823,0.5086619
0.537994485,0.561230422,0.414512472,0.452568135
0.507747067,0.54745787,0.422703674,0.51249764
0.482633145,0.539838077,0.368941728,0.537022857
0.436432724,0.45563485,0.405219415,0.521896125
0.525378608,0.48647048,0.484707869,0.524402721
0.546708088,0.43376682,0.39450742,0.531691655
0.489175486,0.488351288,0.429503351,0.481958647
0.521384797,0.511360141,0.407577646,0.518455777
0.564659649,0.538048586,0.508258067,0.461774368
0.474036279,0.456935771,0.499342456,0.546216763
0.527948724,0.459560176,0.425989445,0.493710283
0.596235309,0.585709963,0.429806586,0.481672161
0.493649995,0.529098958,0.358799948,0.494628471
0.451325872,0.475454359,0.429796103,0.571591478
0.472123251,0.523036769,0.374884047,0.545299143
0.463271231,0.509466189,0.375870269,0.535744853
0.52468826,0.486092521,0.554866196,0.554225006
0.559652177,0.541257331,0.525891749,0.468481767
0.505043828,0.558195492,0.406087507,0.515107562
0.511858882,0.468263132,0.39060804,0.530747764
0.529305603,0.517305538,0.469936908,0.494735104
0.494343728,0.560399688,0.420083965,0.492649414
0.589128527,0.505628424,0.458961742,0.498061881
0.402449325,0.518631317,0.357822755,0.540668054
0.522665389,0.550687,0.37914251,0.500288085
0.596159981,0.371860135,0.545227228,0.5477656
0.539539263,0.501662739,0.559939352,0.472052573
0.484202062,0.620455015,0.518407038,0.449180078
0.566830703,0.503042168,0.486950794,0.4857121
0.462438962,0.526856591,0.389764964,0.524907317
0.436544245,0.502434299,0.403457213,0.527891426
0.517845663,0.61316576,0.490738866,0.435018308
0.522683149,0.542509754,0.472494879,0.449018154
0.479129384,0.523232645,0.398085717,0.516089557
0.531552622,0.504977324,0.472886278,0.491935405
0.523778642,0.52306001,0.496626643,0.514012055
0.383234327,0.578615702,0.416984243,0.498493912
0.455833399,0.507365594,0.368332492,0.506774361
0.351861044,0.607740739,0.386640991,0.516215253
0.395593891,0.539610743,0.396556853,0.533836843
0.440007208,0.488130383,0.346615039,0.53634801
0.543999646,0.546486789,0.464956492,0.509098201
0.513205591,0.506495882,0.517293309,0.479500585
0.511185216,0.479845938,0.383660524,0.513014003
0.556327308,0.570552595,0.406405777,0.492788511
0.546543259,0.536353055,0.491763572,0.575769972
0.592184239,0.579825457,0.377177487,0.483856389
0.475800977,0.542843571,0.394223023,0.493846349
0.549947252,0.45943344,0.512092749,0.476018034
0.513008115,0.505206427,0.366594307,0.486438392
0.49180107,0.538456404,0.415363588,0.495836763
0.447256763,0.530445608,0.429289642,0.496560145
0.415403548,0.49536496,0.359513155,0.536716061
0.596665419,0.503952347,0.63237023,0.456995797
0.478383672,0.531657261,0.325961788,0.505088945
0.49810154,0.48266234,0.40534056,0.51804165
0.471180166,0.502780083,0.373140258,0.519021472
0.483413029,0.492231727,0.40902146,0.492159231
0.412982756,0.502256295,0.330999764,0.541027527
0.591532547,0.506688552,0.478885339,0.406526294
0.497940923,0.561143839,0.424833134,0.49423095
0.428365448,0.484659529,0.382410283,0.527819537
0.500859162,0.443732698,0.478851425,0.51301109
0.503085681,0.515910066,0.39209924,0.521472961
0.506564881,0.548098746,0.463508478,0.482430825
0.428542054,0.515073311,0.484432486,0.501371813
0.521356375,0.502125981,0.419117473,0.506512342
0.492502473,0.591215815,0.505575321,0.486644901
0.562440582,0.496674204,0.452219109,0.505014694
0.456575602,0.44865553,0.548350441,0.549781693
0.485593527,0.56285237,0.414334815,0.467924855
0.63243688,0.540332914,0.544541652,0.422288643
0.528939865,0.549824053,0.460352495,0.453711074
0.53274473,0.513045348,0.530384795,0.477549728
0.575644201,0.441808185,0.415516268,0.485901895
0.46550084,0.568496917,0.400657323,0.50658412
0.558415016,0.557520857,0.478761095,0.451775808
0.620230623,0.521229201,0.40707515,0.463824505
0.530390107,0.538391343,0.505877314,0.478917758
0.536525669,0.548912047,0.398985975,0.492863282
0.472882545,0.518336242,0.428745926,0.52528912
0.546719817,0.511308457,0.392320315,0.501967535
0.492336935,0.549163703,0.486070158,0.513066305
0.555545498,0.512464453,0.444660874,0.467041766
0.47244898,0.47369427,0.407407467,0.494364667
0.526425576,0.460259498,0.409950609,0.532154531
0.478079961,0.541271045,0.462687641,0.490003224
0.502492324,0.394693683,0.452918292,0.559629237
0.469652286,0.6234814,0.458661433,0.495007026
0.505716632,0.451566036,0.539678817,0.525159647
0.447413891,0.520429031,0.379564537,0.518395626
0.577811392,0.486481337,0.418489763,0.495871962
0.524055628,0.489048639,0.464108679,0.499466065
0.517319529,0.482939822,0.641290189,0.529446617
0.459328631,0.501147649,0.42059719,0.51173896
0.441533627,0.552921247,0.49617572,0.460066799
0.484453796,0.494643401,0.445564845,0.502029485
0.606863457,0.500814499,0.581381698,0.442817018
0.332547032,0.517405847,0.35411393,0.576367266
0.514308366,0.505934778,0.339260713,0.428726259
0.39069556,0.482383685,0.462430647,0.554720117
0.453534342,0.488012558,0.477663209,0.528722481
0.447096186,0.507005021,0.357264885,0.551927366
0.578240882,0.482427209,0.423744309,0.496997437
0.493922834,0.509483395,0.53897992,0.492380486
0.39830004,0.559175977,0.283480848,0.534047524
0.439524915,0.451302404,0.437010389,0.54593471
0.544413451,0.504983785,0.44051126,0.482813896
0.439470727,0.447699889,0.399992252,0.576571474
0.497175466,0.503966374,0.396899766,0.511572519
0.553098967,0.547144863,0.388973262,0.492822539
0.513805898,0.464568305,0.551686606,0.53647821
0.587373608,0.484730865,0.513530492,0.507866609
0.532754433,0.439936455,0.61616297,0.519482329
0.457078336,0.550308729,0.422479201,0.514821679
0.491103808,0.507175602,0.464383494,0.506835131
0.571553964,0.449601979,0.500586554,0.465246868
0.486430541,0.518862765,0.384646634,0.525385764
0.46061106,0.465397984,0.414600557,0.539178017
0.431138558,0.466947518,0.304096863,0.545602372
0.564954403,0.66666116,0.501289895,0.438240799
0.483501654,0.517310865,0.426545588,0.53211069
0.39489095,0.56298541,0.309522414,0.543202599
0.511277573,0.442170623,0.506071731,0.538267464
0.477110488,0.513015044,0.443363276,0.490579204
0.557403128,0.499344851,0.394656946,0.519750054
0.537781037,0.446197439,0.453713077,0.534296512
0.452993835,0.562672638,0.412112586,0.53116471
0.632735634,0.681211849,0.396697324,0.394589678
0.513777402,0.538248441,0.459379419,0.461698496
0.473723617,0.478830548,0.386818461,0.568659808
0.404385775,0.479989421,0.470729554,0.517559419
0.608593134,0.443309784,0.404004495,0.494277075
0.520398844,0.523852362,0.416079426,0.530502934
0.555882729,0.58109734,0.401498796,0.471528519
0.444518332,0.505786728,0.372174861,0.532366674
0.537537982,0.61390159,0.431866482,0.486928109
0.527628197,0.606372548,0.503020807,0.49306346
0.490137463,0.558741036,0.445341857,0.505383292
0.538238922,0.518297717,0.619487062,0.45493474
0.49938045,0.534100864,0.43841034,0.493710952
0.439291667,0.538799096,0.474553102,0.525276221
0.511724492,0.497149206,0.422016539,0.51285805
0.538344031,0.536847534,0.423531264,0.525087963
0.459084674,0.442020293,0.437891893,0.523819554
0.504232448,0.585719104,0.39215839,0.453321496
0.512632867,0.51770437,0.47747357,0.483282725
0.535298259,0.534638706,0.420204605,0.522493188
0.464262618,0.561965035,0.396730955,0.56762103
0.490025605,0.506486572,0.440857138,0.514059163
0.375879592,0.487913458,0.354611377,0.54438318
0.506385203,0.52166082,0.421457913,0.52972421
0.350224098,0.660771221,0.373984524,0.505851982
0.459789837,0.548659821,0.401263733,0.530357167
0.413740836,0.469637513,0.49978222,0.576098563
0.350267434,0.51456605,0.384633206,0.55356286
0.612922698,0.647038015,0.480794186,0.430241033
0.475966376,0.578316485,0.417415303,0.489227938
0.521108369,0.55681254,0.42033745,0.521440925
0.340021655,0.518518445,0.394054321,0.588686623
0.573444522,0.52311742,0.540832138,0.468367359
0.307179334,0.614306192,0.338914936,0.582609436
0.571020629,0.547809917,0.486932472,0.436745663
0.383316122,0.56255034,0.413451537,0.602384083
0.515051415,0.473684305,0.552624136,0.508258671
0.492475872,0.49570183,0.495069142,0.497916405
0.49190954,0.571790043,0.521102669,0.481758973
0.490704813,0.505962746,0.397627091,0.528507069
0.497328227,0.546662367,0.385880745,0.480831175
0.500685335,0.486305661,0.491056887,0.50402628
0.388672391,0.595094635,0.372583625,0.51776312
0.494464353,0.491274785,0.487413742,0.488817857
0.481722705,0.502091333,0.37430642,0.498644748
0.513489369,0.51893402,0.429435263,0.51262902
0.365794173,0.51085798,0.50691679,0.556716913
0.529830738,0.540200793,0.343779238,0.530520569
0.614302754,0.536142999,0.568207488,0.465014477
0.505471964,0.589500671,0.47830793,0.450601067
0.425411079,0.558999815,0.438683097,0.528740657
0.525794922,0.585469276,0.363538064,0.47993693
0.420196755,0.491549207,0.348091032,0.536996583
0.475869844,0.584775118,0.360528384,0.499708877
0.490955973,0.507826816,0.410729158,0.532954843
0.499069327,0.438692212,0.44910588,0.51387455
0.488652901,0.528114746,0.421319502,0.494883354
0.565392145,0.496766534,0.581820587,0.475768756
0.424176623,0.51618658,0.411428794,0.503627901
0.482523096,0.562119552,0.346647171,0.469987931
0.510935219,0.58081509,0.500036478,0.452969223
0.516694974,0.495409133,0.502713999,0.51557299
0.4580522,0.513992234,0.381579951,0.515920373
0.491443379,0.486582805,0.362810425,0.519070239
0.435915935,0.490104191,0.411502587,0.579806494
0.398740513,0.487127387,0.414271614,0.535973927
0.401710567,0.609814005,0.374946214,0.518769722
0.493017367,0.527377091,0.492310086,0.509641025
0.41821685,0.494206664,0.370391644,0.613169507
0.370390855,0.478137949,0.333739194,0.599456147
0.337187945,0.560636364,0.319195195,0.549816445
0.430960362,0.505246815,0.38517961,0.534931541
0.45459328,0.501419147,0.438522417,0.517865766
0.640889145,0.66008884,0.364064224,0.449717317
0.528276734,0.481595783,0.472114085,0.522177386
0.498296857,0.460076982,0.502313383,0.478034175
0.47777676,0.506351727,0.374597526,0.488385692
0.375385898,0.478923615,0.418700631,0.540975175
0.342425686,0.502775944,0.298977566,0.551040927
0.460837914,0.491760691,0.384025674,0.548658953
0.586518277,0.573929,0.480062827,0.436440224
0.605738437,0.484114206,0.456727291,0.484450271
0.563803451,0.455023484,0.4673244,0.533714817
0.363120288,0.532525544,0.383225757,0.529847369
0.454671812,0.600967275,0.451951199,0.514672455
0.499810835,0.465386867,0.499126124,0.505815876
0.500818848,0.517766443,0.471252641,0.52283422
0.420709931,0.555289944,0.333718686,0.50500033
0.510087665,0.496023668,0.489175456,0.482126413
0.509785183,0.497953961,0.454032012,0.498822824
0.458457388,0.454460763,0.384366496,0.519552704
0.577842138,0.558615308,0.503963001,0.464348024
0.443639536,0.444974278,0.352845801,0.540732217
0.455215949,0.457680794,0.369228343,0.549268323
0.378697853,0.508949982,0.409476535,0.537979928
0.526131415,0.471746811,0.484715831,0.506244029
0.500418687,0.494984813,0.549626308,0.512943834
0.443143724,0.514653632,0.470686349,0.497423648
0.491766058,0.457322341,0.443599034,0.552375595
0.436906978,0.484282248,0.416777224,0.520244284
0.501471117,0.590334512,0.418197457,0.501871829
0.485187183,0.478733552,0.461237539,0.531573825
0.582596378,0.484963396,0.437150631,0.515946406
0.582141631,0.586090379,0.435725019,0.476565047
0.510750828,0.559508769,0.491597761,0.492821417
0.487957802,0.514178064,0.39982121,0.49582424
0.439678441,0.479112876,0.425441656,0.517993887
0.495694423,0.540175911,0.50541251,0.478791906
0.461906398,0.630375155,0.355997763,0.514882366
0.387590083,0.618167259,0.460118836,0.532433232
0.509530094,0.48614283,0.484246508,0.502626416
0.527515799,0.544292577,0.447062837,0.476388101
0.568871104,0.575313144,0.503662317,0.423217642
0.576852964,0.433045239,0.551051825,0.49511923
0.543490111,0.553304784,0.444906226,0.452920024
0.420644578,0.502683469,0.426180397,0.50300649
0.486695512,0.483842964,0.374389254,0.528821148
0.464328395,0.584130959,0.393164261,0.516513652
0.49109976,0.5122518,0.478830937,0.508436252
0.511550303,0.486873463,0.46387227,0.479604388
0.633912796,0.488559207,0.50600622,0.482186229
0.475518941,0.444248075,0.460994571,0.529181843
0.557760173,0.506235499,0.500830725,0.470778101
0.429962012,0.512433565,0.417379593,0.506919915
0.436092726,0.523209699,0.370666449,0.571948484
0.511114888,0.47539449,0.434822832,0.523635614
0.413238468,0.537433854,0.492306299,0.542589544
0.495007109,0.49998478,0.4635211,0.528430206
0.447847842,0.423415436,0.516887994,0.590217149
0.51452383,0.571446076,0.439468459,0.47664972
0.525382025,0.505071297,0.45642378,0.525467072
0.454726664,0.44560584,0.394056605,0.551865577
0.439170765,0.609356038,0.422040358,0.488255485
0.441960858,0.565153341,0.392017968,0.524655427
0.473869006,0.55727535,0.487030409,0.500608428
0.460116536,0.689293524,0.370408673,0.47458194
0.480984977,0.521288594,0.408803851,0.510586317
0.519897171,0.474255039,0.410056798,0.530139628
0.479098778,0.475339711,0.379753597,0.501662535
0.477330496,0.44180354,0.355572663,0.548158792
0.532997638,0.499819141,0.441028712,0.489774438
0.417942606,0.498653704,0.478921348,0.554696337
0.492282775,0.507869683,0.391630142,0.526088756
0.485985164,0.494794318,0.369131169,0.49617882
0.577392081,0.492371824,0.321061657,0.531818022
0.541177919,0.505671933,0.44729217,0.478094073
0.378017919,0.690783101,0.318376261,0.50031046
0.51684771,0.465044983,0.388513024,0.535961714
0.466761417,0.536284438,0.425893421,0.527587845
0.461839171,0.566453392,0.430717859,0.509344399
0.532437421,0.512139713,0.521566728,0.526692532
0.498518407,0.513133094,0.562881583,0.518054536
0.535835186,0.444290536,0.395090119,0.483277047
0.450626511,0.613685125,0.408548337,0.501015185
0.397239955,0.53992613,0.320215949,0.544264975
0.413661585,0.520169767,0.354647219,0.552460122
0.455896898,0.489308415,0.366825229,0.511110092
0.509306488,0.440505963,0.586457175,0.525258655
0.5412474,0.512495907,0.504885626,0.483201254
0.504740383,0.543249878,0.401279853,0.512735515
0.485772094,0.493952513,0.436691565,0.535133517
0.335762314,0.635291087,0.303744105,0.591583535
0.419676267,0.504781639,0.407795787,0.533017015
0.537110461,0.451002568,0.451568009,0.510290739
0.49980972,0.46878738,0.502408128,0.514181023
0.581409046,0.442652448,0.459429842,0.48312144
0.467303573,0.492949123,0.489833886,0.508811729
0.514447099,0.469124676,0.478129732,0.508243986
0.58238915,0.481417113,0.487288821,0.502202662
0.423531302,0.650211551,0.357403081,0.482884222
0.428517273,0.49016035,0.414004931,0.542705276
0.586096317,0.550521825,0.442180659,0.499839191
0.412114932,0.480484269,0.532202544,0.513796083
0.571522346,0.510248774,0.494297206,0.441509269
0.525028344,0.533228966,0.363395031,0.512803288
0.509128007,0.489537837,0.481229689,0.48474441
0.603075544,0.535196357,0.478979906,0.483990221
0.40578776,0.536300949,0.427634395,0.500602147
0.528081249,0.460914878,0.516748115,0.526885871
0.509641368,0.629149422,0.419170604,0.454053588
0.543108221,0.552539682,0.468206982,0.498620532
0.566386189,0.505574585,0.486195137,0.471107888
0.57486656,0.507481846,0.506497627,0.474521246
0.494609404,0.380435049,0.4506956,0.543215188
0.453188365,0.523552711,0.458245624,0.50796598
0.514684276,0.447403351,0.550196306,0.517581623
0.526402566,0.498385761,0.470445962,0.500086408
0.579916224,0.491015424,0.642900538,0.509112589
0.570852202,0.494318957,0.529094888,0.547803684
0.561028952,0.4708549,0.525766579,0.526143328
0.564981358,0.52982192,0.408612403,0.497426535
0.631226546,0.491859872,0.397369465,0.474729669
0.514000999,0.459654232,0.4319358,0.543577941
0.542088826,0.51287977,0.595541582,0.47014436
0.391032602,0.67235225,0.295448634,0.510152759
0.480580074,0.520388569,0.321785673,0.540214289
0.463745654,0.471265653,0.436869893,0.531434407
0.407559941,0.479243192,0.395086088,0.553658131
0.584693781,0.514700929,0.437317904,0.492550034
0.508923156,0.4796621,0.48872883,0.529580083
0.53647137,0.584257412,0.42337892,0.481226945
0.480193281,0.538308473,0.488819834,0.499973096
0.499572337,0.576230046,0.492178506,0.516413772
0.52358592,0.53324869,0.417426745,0.531853728
0.588232067,0.416722673,0.455267826,0.502915427
0.540519193,0.519948978,0.428304284,0.523777583
0.549874403,0.503830803,0.519176347,0.493621669
0.529166469,0.453496894,0.45285354,0.534476394
0.449590407,0.487786964,0.354889258,0.547654231
0.440221246,0.706810395,0.252642341,0.506872066
0.430120872,0.581745342,0.338000273,0.515619347
0.505123241,0.461476125,0.495376539,0.527526579
0.419816094,0.503650061,0.401948173,0.524927973
0.453893805,0.493442135,0.409204737,0.542334261
0.495718923,0.468045255,0.437874103,0.503857556
0.411629181,0.518304713,0.380632702,0.505613856
0.414648639,0.529197207,0.371314491,0.53718512
0.655251066,0.400047746,0.533106517,0.448844202
0.522246375,0.503922545,0.418531324,0.508264593
0.504858409,0.490303527,0.567114164,0.533683548
0.477344057,0.540299961,0.461084122,0.502983993
0.3988126,0.572631558,0.358000637,0.557880959
0.420064067,0.536848406,0.450280901,0.551795096
0.453985098,0.555137351,0.359527013,0.506460764
0.44651725,0.535082348,0.410811729,0.492620454
0.424191873,0.540226364,0.371622183,0.572008603
0.434056912,0.488996527,0.333675746,0.540383068
0.504803235,0.517857291,0.49941254,0.495730055
0.564511834,0.483031384,0.522342581,0.491460733
0.53667204,0.489996911,0.430680156,0.495472479
0.602112395,0.600744732,0.439588467,0.454027534
0.436489799,0.513464486,0.295053521,0.540355245
0.556677394,0.554379517,0.414161087,0.479467926
0.460619629,0.519641332,0.377560253,0.523726006
0.542615637,0.560193723,0.435806552,0.483542799
0.590555099,0.519407523,0.45207283,0.495026104
0.499986512,0.506272649,0.33735582,0.526632271
0.531757761,0.463357447,0.499661471,0.500985438
0.432123143,0.457555402,0.462159472,0.532304796
0.527007143,0.482194958,0.53351705,0.497093919
0.544024845,0.544649678,0.436554796,0.495906274
0.512547065,0.539551934,0.344999801,0.496154684
0.549561708,0.487866138,0.439366956,0.529591895
0.519279021,0.506585127,0.532418386,0.497538987
0.550740323,0.634176925,0.52448231,0.473184832
0.519392963,0.537594636,0.384769977,0.523464291
0.498167947,0.548692091,0.381507019,0.523452806
0.502562787,0.487948335,0.472531895,0.556217939
0.431597255,0.527343138,0.412259231,0.543181607
0.547473907,0.570140241,0.361262623,0.510570306
0.511287869,0.509316719,0.40572268,0.518393802
0.540691113,0.551019071,0.484502883,0.534494959
0.490496993,0.541283986,0.323989491,0.512708405
0.366033185,0.454761148,0.384637342,0.584147246
0.377988655,0.52449742,0.339057463,0.541143883
0.542188489,0.511338085,0.455455429,0.506489586
0.441475734,0.540093431,0.330925326,0.549121265
0.506113954,0.65175761,0.3943864,0.497859005
0.505469145,0.53368134,0.419107956,0.500149471
0.48783352,0.569496787,0.372184855,0.503831083
0.600274152,0.59092447,0.495293543,0.473097953
0.438904379,0.545062057,0.428896346,0.497312649
0.517736683,0.465806317,0.391579969,0.510769423
0.425955543,0.537299637,0.433050033,0.497712732
0.538088199,0.617600678,0.446029072,0.459781094
0.510943004,0.49856,0.390913319,0.526405617
0.496241366,0.480822526,0.378773549,0.508923318
0.536984105,0.496126814,0.491142719,0.491446433
0.516658543,0.465225119,0.466541419,0.511361471
0.515221918,0.556291224,0.382899373,0.505371875
0.368514251,0.461540889,0.386792703,0.552344259
0.545545121,0.457141159,0.482281177,0.47493044
0.543086064,0.558159357,0.447250868,0.482635288
0.569597853,0.539168783,0.5230446,0.462599128
0.606185324,0.500918789,0.479868954,0.472337454
0.557302529,0.521506338,0.480793584,0.49233856
0.656366491,0.509723955,0.502173792,0.447655251
0.461633198,0.541030275,0.368264792,0.52645293
0.488563241,0.503532763,0.418976927,0.525219148
0.544240273,0.567647213,0.440822664,0.491759281
0.483769899,0.464715939,0.383163702,0.550134369
0.503472906,0.578492833,0.366471468,0.487825748
0.529974832,0.528449859,0.375431033,0.573899694
0.574920751,0.550781405,0.428563636,0.532400029
0.54649294,0.553183343,0.493519858,0.505008446
0.517076697,0.560746934,0.388567059,0.524438892
0.486818402,0.471665917,0.459320352,0.507761255
0.507759568,0.506666019,0.444817097,0.511417656
0.512173698,0.494970514,0.431926617,0.5159005
0.532712755,0.462124667,0.529420842,0.517802987
0.573946527,0.568253676,0.542541922,0.469696283
0.479154846,0.607319663,0.37702295,0.512117405
0.540338815,0.490080462,0.455871646,0.504397523
0.560666104,0.486122568,0.466657362,0.455668661
0.544732247,0.510051443,0.458573095,0.51785845
0.506510349,0.5374785,0.415803453,0.493938874
0.591524934,0.498153017,0.474862103,0.479801307
0.606259172,0.515064481,0.607137173,0.434843887
0.526426924,0.447637312,0.579293272,0.522704472
0.518316154,0.486837653,0.397401866,0.550770184
0.527150282,0.493839912,0.493884055,0.500770787
0.448381353,0.483597189,0.418420705,0.541992022
0.50879687,0.544859366,0.369466296,0.515942439
0.519888931,0.5164752,0.409769137,0.521660446
0.580836837,0.559385465,0.475205041,0.50806128
0.509032276,0.435012567,0.367015771,0.540422171
0.545770288,0.494680958,0.3773431,0.494299786
0.475254098,0.520005008,0.459661073,0.509574364
0.488861551,0.543731501,0.378015766,0.539996675
0.521135584,0.496782203,0.411792707,0.52810165
0.507638422,0.479899896,0.449443568,0.517009103
0.493840095,0.510688146,0.42018543,0.513474333
0.562843486,0.508801382,0.461778367,0.502618275
0.473878664,0.458983451,0.509307681,0.547885478
0.497367518,0.460910968,0.393529163,0.524774226
0.53549779,0.536353447,0.346969573,0.517656636
0.502546937,0.453273686,0.447355366,0.544855506
0.51395472,0.507615913,0.430315971,0.532375655
0.522982153,0.545286938,0.379643063,0.460392624
0.500806567,0.499508804,0.395227717,0.509386431
0.457679092,0.543948745,0.410091726,0.549133086
0.52516735,0.563356273,0.477692067,0.487968311
0.567329851,0.490196256,0.421762096,0.488761051
0.439966493,0.545210632,0.348678086,0.506167911
0.482272734,0.511855625,0.441070744,0.502942286
0.542626336,0.476642068,0.502925985,0.4994767
0.524404908,0.490611192,0.373043704,0.503910948
0.492944059,0.534019852,0.453900001,0.494741085
0.501934841,0.513622806,0.392274454,0.519188417
0.531922262,0.531083276,0.442053589,0.522497623
0.505831783,0.542666607,0.478157036,0.514216322
0.508625191,0.427769676,0.480111884,0.506435553
0.514935966,0.493857371,0.468170091,0.533193824
0.549091201,0.524113529,0.38858426,0.546101266
0.541137356,0.503603701,0.395509184,0.506811482
0.513120904,0.537493253,0.493095367,0.466887321
0.494992186,0.544640215,0.411614577,0.522689455
0.510706958,0.483157654,0.387304081,0.512308079
0.608414245,0.430284837,0.45173692,0.517186393
0.470992451,0.590438722,0.354358655,0.500543924
0.541333534,0.436070787,0.382502542,0.541475103
0.537748757,0.534005611,0.505760949,0.476023655
0.558438198,0.499218942,0.511023097,0.453786081
0.510869916,0.51605032,0.534212536,0.4840673
0.531826774,0.580696293,0.412793757,0.493802271
0.475446118,0.612128125,0.423568707,0.479325254
0.521293741,0.511298101,0.395028502,0.504217207
0.537583922,0.442263441,0.45754817,0.557231348
0.618282093,0.444474777,0.439961751,0.471184766
0.595344497,0.52872644,0.459917711,0.488313497
0.46960982,0.469300036,0.345536867,0.537358029
0.552016491,0.646283949,0.438326753,0.465235999
0.579780908,0.478283995,0.47686711,0.491878072
0.489157045,0.51191609,0.391521037,0.560382901
0.372394908,0.595931644,0.342719005,0.55153157
0.5076141,0.563386142,0.422173196,0.496563636
0.506815944,0.479197893,0.400317294,0.522879124
0.515444595,0.443556681,0.473648907,0.513960552
0.455817857,0.498794808,0.355293342,0.524053713
0.495995393,0.506379461,0.443211725,0.504119906
0.458540533,0.490517887,0.47725004,0.510570782
0.469218584,0.483390436,0.509925891,0.532348498
0.487393919,0.513986138,0.389981626,0.515357938
0.485281633,0.528878077,0.377506868,0.502888072
0.457583991,0.510796272,0.382001931,0.517550918
0.569753946,0.489827445,0.492031358,0.492934619
0.540917693,0.507886343,0.534232341,0.484909066
0.55860928,0.657931645,0.442956399,0.465477721
0.558960163,0.533213872,0.398354922,0.469184463
0.639253569,0.47642701,0.614082291,0.481637192
0.426308993,0.49006006,0.380363555,0.550645059
0.599147469,0.508866514,0.404799689,0.56904944
0.487721192,0.545969757,0.362484024,0.514090185
0.507612938,0.506914918,0.394651833,0.497971277
0.51899164,0.566376229,0.402523532,0.491365624
0.499625778,0.521394881,0.346263585,0.514387828
0.511737459,0.630353277,0.357429375,0.493243108
0.362467889,0.478010141,0.42130999,0.610921617
0.485049801,0.434717274,0.393552965,0.597221577
0.456466121,0.600060648,0.353533086,0.517079439
0.490339829,0.471012554,0.405439124,0.531230155
0.579505712,0.445017739,0.494956526,0.482323175
0.54479368,0.531748163,0.439176699,0.526133743
0.557103944,0.48774742,0.520370912,0.507042589
0.461866466,0.483675602,0.391288935,0.524850151
0.496646707,0.540386539,0.418852924,0.496818404
0.541553553,0.511606292,0.411785389,0.494144336
0.48907746,0.471801877,0.41454251,0.529632782
0.550620892,0.459754642,0.418526964,0.498265298
0.567260999,0.542894567,0.446086015,0.50716807
0.490770608,0.46800151,0.430771534,0.532131584
0.527256588,0.467071391,0.436364078,0.507127909
0.553918703,0.545687411,0.500936611,0.480033327
0.619494114,0.524926541,0.59557647,0.463016663
0.528472976,0.50884876,0.420121792,0.534846917
0.474203898,0.637135092,0.500434128,0.443944582
0.555094634,0.44543566,0.514662768,0.508982586
0.584496548,0.474326679,0.482667911,0.493683699
0.489992147,0.524927502,0.395411168,0.498768277
0.49709353,0.549908828,0.481030477,0.478591278
0.51350133,0.490543417,0.408668942,0.488331776
0.521763821,0.462379815,0.496760631,0.539364734
0.488124772,0.50070697,0.365752276,0.520309871
0.431468147,0.489735713,0.386763121,0.576015272
0.512622493,0.453904225,0.411833093,0.527144425
0.381189474,0.48930387,0.343638401,0.596706801
0.537059147,0.431988746,0.478718677,0.499882882
0.520797691,0.46106055,0.480030386,0.517789091
0.426680482,0.49897739,0.35445932,0.553061583
0.540554386,0.49771571,0.374975332,0.510161446
0.517216276,0.506620107,0.425415853,0.507273884
0.493572843,0.524732981,0.395036094,0.500146931
0.4076788,0.577622232,0.342616177,0.530821197
0.55668138,0.498035204,0.570561005,0.479598425
0.540941439,0.548437778,0.514749248,0.486064171
0.484217529,0.499649494,0.392555449,0.521504766
0.495140046,0.534222705,0.487822797,0.517845292
0.517371094,0.497031255,0.462518425,0.498388555
0.546668577,0.522281885,0.507013254,0.497037013
0.552302468,0.499266642,0.45725414,0.533239714
0.392085234,0.533746855,0.387126064,0.534089183
0.488096742,0.554599315,0.38209473,0.506630434
0.534381293,0.521095218,0.472426253,0.515824353
0.518502531,0.54293592,0.391403935,0.524877104
0.50262062,0.478655603,0.363143334,0.57246723
0.499227308,0.540842399,0.427091941,0.495798219
0.504303993,0.47389851,0.477614068,0.546379562
0.489922409,0.571791556,0.381599704,0.573730862
0.517490798,0.65004436,0.407238703,0.444776881
0.487549449,0.56080888,0.391107351,0.52995235
0.553763596,0.487400371,0.572150405,0.483627919
0.529896491,0.471602589,0.456784852,0.524071873
0.530654658,0.543055027,0.428386384,0.475938984
0.499091512,0.529504106,0.451462937,0.518935884
0.516836436,0.573183432,0.466452533,0.467008482
0.498575558,0.49165053,0.347880029,0.519430479
0.512623392,0.502656892,0.388378527,0.519392404
0.527625515,0.532323565,0.402175906,0.484904061
0.569268971,0.530963504,0.465705563,0.51368174
0.490010153,0.624261181,0.308887693,0.45103322
0.540856393,0.536958359,0.453617088,0.474146246
0.522662532,0.54828068,0.471625228,0.501850064
0.445012341,0.501598591,0.513397128,0.545712875
0.455537005,0.538569976,0.429483793,0.563152635
0.554329106,0.415125307,0.476905595,0.578472472
0.47662375,0.52384354,0.406349068,0.51069792
0.519136188,0.535438782,0.552176234,0.487597814
0.543320681,0.542337061,0.478276015,0.490263554
0.485483609,0.508046489,0.374831628,0.547223495
0.600376494,0.601638856,0.484596032,0.454516526
0.530824905,0.565233329,0.415396461,0.458653278
0.508132263,0.443846609,0.545439434,0.561564441
0.450558698,0.551570943,0.413912467,0.531600178
0.539748097,0.51305657,0.626822589,0.487586497
0.491187045,0.464826772,0.411246505,0.542339933
0.466587903,0.535053054,0.468752315,0.474632752
0.599412948,0.552067317,0.492204597,0.481838861
0.540669002,0.500225905,0.47757965,0.491437933
0.54461435,0.429645927,0.357775788,0.514917826
0.524810446,0.476673753,0.41807178,0.515135791
0.51181501,0.626465079,0.431427261,0.469221158
0.448743002,0.538338729,0.417838446,0.521765347
0.460772392,0.514161319,0.457326327,0.516383599
0.478113523,0.533396216,0.419673142,0.536540563
0.542314602,0.49689124,0.465648796,0.469215318
0.45749702,0.51543278,0.398841389,0.486751865
0.53812857,0.518753436,0.570963585,0.518215377
0.553601531,0.559119011,0.49701184,0.460298967
0.552354902,0.574008909,0.404810706,0.460072096
0.512872194,0.450387672,0.465549063,0.505556634
0.390419609,0.580489061,0.372297742,0.535020893
0.475232707,0.463786552,0.488430943,0.564513445
0.575159765,0.581254482,0.460345965,0.416665724
0.377693779,0.473408599,0.403012343,0.593280975
0.383601324,0.527678234,0.356501861,0.558950367
0.521685059,0.511717471,0.493592028,0.533982699
0.456698647,0.514193926,0.331932213,0.511069648
0.45716134,0.485870515,0.420175242,0.548200085
0.472689258,0.526994245,0.428850033,0.537187666
0.497485116,0.525224536,0.374123923,0.476128698
0.387977227,0.519620498,0.378744452,0.544491152
0.526918974,0.440174409,0.478230757,0.529078096
0.565912691,0.525533473,0.431959235,0.501257714
0.546636885,0.497926031,0.39862909,0.533949017
0.457578991,0.453867585,0.389142957,0.583531902
0.469884127,0.537130935,0.428214893,0.480092524
0.596303396,0.582232593,0.469286703,0.494962727
0.521165153,0.553504781,0.501454934,0.476443256
0.424432624,0.513652776,0.379355643,0.50809451
0.446284554,0.473323611,0.509199774,0.520304651
0.623402841,0.479067727,0.460136671,0.497411119
0.464619492,0.537589166,0.406564406,0.491548312
0.519488694,0.515793783,0.533147869,0.508691058
0.405355656,0.439187294,0.390683473,0.581916566
0.548430468,0.506517079,0.466981081,0.500877374
0.537599154,0.624951932,0.479554131,0.446765149
0.48053405,0.478691481,0.452349364,0.534143988
0.441073183,0.546760261,0.348960836,0.507738936
0.344234943,0.510006562,0.361269523,0.566573691
0.420984523,0.592997438,0.481137321,0.542517551
0.584090505,0.504751564,0.426471007,0.492055558
0.420872731,0.541432787,0.424117329,0.493945523
0.468772184,0.507360984,0.439550075,0.514851244
0.391289274,0.517227791,0.499171336,0.510222332
0.560339496,0.561658743,0.48617418,0.470838109
0.537848153,0.476377336,0.432930241,0.526225006
0.510335446,0.504994444,0.37998122,0.517278638
0.647784001,0.446463556,0.527359415,0.476016877
0.44878928,0.476167797,0.50689573,0.531857044
0.525148455,0.463945296,0.479688358,0.509268232
0.481387518,0.503591175,0.428849184,0.505353194
0.497267997,0.440081125,0.410584785,0.520917686
0.470836821,0.53358533,0.394259672,0.523413227
0.55801381,0.466093097,0.460590002,0.503631522
0.441775668,0.513289633,0.452411574,0.494595156
0.479162302,0.47876898,0.40263156,0.586452839
0.476211147,0.472592548,0.472100894,0.519785597
0.57726481,0.509198025,0.47370668,0.463675377
0.552866041,0.443007104,0.419198806,0.531199857
0.471012271,0.484542654,0.42310992,0.523406715
0.579427187,0.498754255,0.498132709,0.492318049
0.526632885,0.504928344,0.429883654,0.488049586
0.520054203,0.513550937,0.352623023,0.491814926
0.539498339,0.449071646,0.478199618,0.509335828
0.613405275,0.594718838,0.513315119,0.39065416
0.520523736,0.408893312,0.526356508,0.56356686
0.48241477,0.534450394,0.453938126,0.479509027
0.533533143,0.481714597,0.499261513,0.474958999
0.667045142,0.493063512,0.605592478,0.473412202
0.486493067,0.476273827,0.399986824,0.545065471
0.500851876,0.578070673,0.432172694,0.492749021
0.425051703,0.584786271,0.399510233,0.630489387
0.584048707,0.517012718,0.423875176,0.449676526
0.495204847,0.534376129,0.487381589,0.554404514
0.547984068,0.511722165,0.469298653,0.510977053
0.505048308,0.476084713,0.445323074,0.526918737
0.586496418,0.420010556,0.545882943,0.517907134
0.511954092,0.55853989,0.44182797,0.487449388
0.46297161,0.455787686,0.412899531,0.524278336
0.435873641,0.605701142,0.357630992,0.45484895
0.518050051,0.510307913,0.458433934,0.534473869
0.662896308,0.438214047,0.540728384,0.469565863
0.524386746,0.564868565,0.422718045,0.485950225
0.470452316,0.566274813,0.430866926,0.483276214
0.370402929,0.498538064,0.455706989,0.563720134
0.580900319,0.578766967,0.50715437,0.4441269
0.52575812,0.514288456,0.436291441,0.521328327
0.547521866,0.590704098,0.475052817,0.48010225
0.632275115,0.51439028,0.55756136,0.465152317
0.509368511,0.546949661,0.392999213,0.508853976
0.470552146,0.488083737,0.378648491,0.540182762
0.553431512,0.580648933,0.567299152,0.473594159
0.42187071,0.487517096,0.47883527,0.548525856
0.473232279,0.519899647,0.399865856,0.527693286
0.451695867,0.50662664,0.297602631,0.511675921
0.48464372,0.50827816,0.37602057,0.491455569
0.418022712,0.635382799,0.378476881,0.503846455
0.542877912,0.625111739,0.370386425,0.463917092
0.397183446,0.471435286,0.508863333,0.589618309
0.558913477,0.45713012,0.405625563,0.496068839
0.531870075,0.415012204,0.478354913,0.532003536
0.497198394,0.550814609,0.487057873,0.488731593
0.596589971,0.604171945,0.473614197,0.462322905
0.516403926,0.555825319,0.466481329,0.491748054
0.540891457,0.456827747,0.586230353,0.516742621
0.621545748,0.347469998,0.578222255,0.544196017
0.454689734,0.560517871,0.393256398,0.494081909
0.499189055,0.493586448,0.420476283,0.528224618
0.50327387,0.478669383,0.433960277,0.510452702
0.563498033,0.52557196,0.463318064,0.486621863
0.537030014,0.524319034,0.478481947,0.439834971
0.490353767,0.438619136,0.352125393,0.5364275
0.592343297,0.516778773,0.543741359,0.475036876
0.521389012,0.574979887,0.365188113,0.483500174
0.642416415,0.511406953,0.516065703,0.482757137
0.505781888,0.456092825,0.586982349,0.466862802
0.493356995,0.517329131,0.438556019,0.565987144
0.450489717,0.504655409,0.422045244,0.535706456
0.502487634,0.569235394,0.400536318,0.531029763
0.382586693,0.59254171,0.372782688,0.548280317
0.485215544,0.509207546,0.417344262,0.508689524
0.513850906,0.520157756,0.343108286,0.540520565
0.494643419,0.446339187,0.465507921,0.529987317
0.557822347,0.490070162,0.437285449,0.51456197
0.547501829,0.525612006,0.43270445,0.477241896
0.534156746,0.514065273,0.43964043,0.506927179
0.575200903,0.516382791,0.532257139,0.489152239
0.643048174,0.548598572,0.523540049,0.444828213
0.441787159,0.533290239,0.355986303,0.519191894
0.527002099,0.517366553,0.385523033,0.586120052
0.551876037,0.518854269,0.456802403,0.500748678
0.456656087,0.479271503,0.351381087,0.567161009
0.505870213,0.494028296,0.495676269,0.531583226
0.375281469,0.579865758,0.371190936,0.506945054
0.532703213,0.549642279,0.547891598,0.532210288
0.503829999,0.483391959,0.446791969,0.528024982
0.415185952,0.559835713,0.382309565,0.546711216
0.518535498,0.62240077,0.380530349,0.479198848
0.40297654,0.597753347,0.345281593,0.519761736
0.544630941,0.428660568,0.53092223,0.513350148
0.557304926,0.488895145,0.571415248,0.488896872
0.508633311,0.583202037,0.373537462,0.526599494
0.560062779,0.554020261,0.46418679,0.476277
0.623994695,0.464623827,0.478516505,0.477006321
0.469231302,0.55729692,0.488061453,0.501784713
0.494910786,0.495185739,0.477010004,0.507922061
0.571095625,0.611156436,0.460892485,0.464690833
0.445247484,0.558864172,0.403547745,0.558001362
0.620894698,0.542730211,0.478957911,0.442005286
0.62536613,0.522107998,0.48646933,0.495843392
0.574913896,0.465880656,0.526738597,0.548586776
0.502431196,0.490197098,0.555037626,0.479738093
0.536930167,0.55373725,0.526467728,0.512313942
0.547091532,0.499194596,0.428667785,0.540337165
0.628306192,0.529157803,0.524600385,0.514790804
0.533198755,0.576157385,0.491522406,0.465996475
0.461067607,0.590306409,0.509259966,0.500537845
0.495242427,0.528058741,0.400277927,0.517350601
0.50677799,0.573067329,0.473616025,0.501095367
0.545141688,0.518635437,0.415731697,0.525447861
0.531497885,0.483468928,0.520534068,0.504465115
0.463974712,0.491280623,0.423023274,0.518365577
0.44967539,0.503134357,0.397422212,0.536651918
0.621215798,0.552038983,0.627560175,0.468426966
0.511082374,0.502541981,0.572610242,0.554163875
0.557674665,0.630094856,0.546644313,0.469202876
0.626603324,0.587963443,0.457212978,0.4470252
0.569551501,0.602924366,0.53856736,0.45864913
0.487363093,0.558829864,0.544528239,0.500003154
0.48710568,0.525707693,0.496170576,0.516331537
0.624386654,0.509901901,0.443254798,0.515108202
0.477125626,0.497845026,0.422806879,0.532931455
0.503332821,0.495921482,0.496074029,0.52618837
0.419041271,0.477666384,0.29029213,0.568548343
0.419697661,0.574096375,0.412095673,0.515644935
0.491004196,0.527992447,0.427175942,0.513638763
0.486580468,0.590451579,0.438958832,0.495503988
0.529758036,0.482333391,0.477297401,0.530316923
0.587367923,0.587813588,0.47589039,0.500280471
0.399415707,0.488809141,0.422570419,0.533647731
0.510409456,0.55959663,0.445836733,0.50012948
0.539333093,0.494393285,0.442629567,0.513497104
0.585109259,0.516009308,0.51665682,0.496198256
0.538262459,0.485858757,0.455140234,0.536929596
0.499888083,0.499342403,0.479708677,0.504666661
0.491603608,0.651294736,0.478735338,0.421276843
0.489790238,0.531393166,0.516699456,0.488820708
0.563430475,0.551250425,0.490696634,0.490608957
0.498656524,0.58261087,0.573911005,0.496425435
0.561683301,0.542663093,0.494465055,0.474904253
0.579019502,0.590409573,0.421601843,0.467327197
0.439649408,0.565626809,0.307057188,0.510873648
0.580190621,0.580109036,0.475328866,0.464388367
0.592894052,0.460031182,0.54080918,0.494191618
0.494187726,0.570647484,0.446827411,0.477997429
0.496238614,0.49999742,0.4446018,0.512847566
0.480652721,0.51251185,0.398264227,0.502998651
0.517978411,0.546546707,0.440564738,0.489722192
0.553718225,0.514993192,0.493925713,0.487019794
0.572719473,0.482996293,0.470593695,0.54991749
0.492753829,0.510589265,0.3821781,0.536360914
0.477645855,0.455171142,0.488230845,0.554801019
0.577774219,0.567101576,0.456815021,0.450882123
0.466505964,0.489378878,0.566692683,0.526269428
0.579698104,0.481335496,0.580057091,0.525509528
0.480276551,0.517197216,0.479082037,0.490565041
0.576716826,0.526214787,0.396301168,0.498711288
0.575132224,0.563234804,0.386244561,0.465408284
0.532347057,0.480877959,0.491394814,0.499807741
0.407497841,0.501084368,0.43137576,0.524485198
0.594969199,0.474397192,0.496742177,0.511783381
0.495407426,0.529127297,0.463242926,0.480931344
0.409116381,0.593536682,0.45669026,0.544244884
0.561509281,0.498872433,0.565835286,0.532685832
0.491671279,0.577397561,0.438651801,0.503148643
0.475457139,0.475187887,0.411940293,0.511103663
0.536291634,0.468489978,0.424325014,0.526719287
0.529348874,0.580680036,0.536902004,0.460067491
0.444460335,0.489103146,0.343726107,0.547468923
0.426068154,0.447928601,0.377098068,0.59766092
0.56548642,0.482890274,0.427004758,0.507759336
0.550827295,0.507173746,0.418855915,0.457635144
0.502097467,0.580603524,0.351010483,0.497282349
0.477204217,0.490661096,0.426180069,0.558124086
0.392340806,0.623120223,0.378190286,0.636952715
0.580993303,0.512353601,0.445280281,0.50533486
0.498482911,0.501218597,0.486605438,0.5523315
0.608629112,0.547550428,0.464600248,0.500281554
0.563004727,0.517011435,0.522988952,0.484914461
0.485643185,0.547367118,0.411338694,0.498065603
0.562598449,0.534028056,0.502915425,0.533997559
0.612243762,0.512539256,0.623903706,0.464869928
0.467131423,0.599301688,0.379357304,0.532404778
0.57147924,0.564073632,0.472240135,0.486095472
0.614469144,0.501566821,0.503882375,0.477612051
0.477527474,0.564901224,0.477009881,0.47674839
0.521727856,0.526634851,0.405789482,0.508341943
0.566733289,0.402033137,0.484096464,0.542252997
0.556102078,0.479213619,0.482237172,0.485968686
0.648980387,0.439923859,0.565638477,0.484009355
0.657992987,0.571314145,0.636361075,0.432002882
0.553707423,0.604411801,0.520903366,0.480232225
0.5297443,0.527679135,0.538815558,0.515695056
0.532578823,0.573093143,0.45772745,0.558310376
0.574864227,0.489853365,0.591271139,0.453779289
0.496225879,0.479904975,0.502350497,0.518573418
0.522907278,0.531154215,0.438746547,0.471135213
0.521798866,0.404184575,0.639592224,0.568012201
0.478301996,0.575969115,0.477455373,0.525027535
0.542866605,0.493635565,0.501523669,0.490167234
0.539693648,0.527680638,0.481184619,0.505144776
0.340904973,0.510381802,0.369441037,0.539213769
0.478579993,0.543759673,0.442853189,0.537362313
0.368895941,0.528179364,0.345842924,0.578856472
0.450018855,0.41483227,0.493716824,0.553393206
0.478713742,0.573444365,0.403566314,0.514685071
0.607872392,0.614544143,0.486829834,0.430463914
0.520685239,0.492797794,0.470239978,0.525993792
0.527767297,0.52792948,0.519947429,0.496543332
0.549171013,0.56139652,0.409875834,0.522686531
0.539055815,0.504842732,0.410125108,0.526095499
0.532065115,0.539836753,0.473459204,0.441891721
0.426116859,0.538766886,0.446395317,0.567023557
0.507776091,0.591934653,0.379462161,0.51367148
0.561384272,0.547484,0.483313796,0.470533647
0.504434288,0.541106452,0.493619222,0.488313281
0.551724321,0.558325111,0.496770122,0.46427578
0.493221554,0.527869959,0.462891576,0.518432427
0.57688524,0.576719194,0.515094213,0.467735025
0.540929395,0.497064678,0.504496661,0.505500071
0.597818468,0.532642261,0.576726558,0.489632666
0.62122642,0.64357838,0.619084805,0.351683965
0.618354841,0.56389558,0.512535861,0.482092403
0.563560427,0.569819904,0.478979245,0.425957028
0.499517448,0.481540054,0.457916091,0.496176064
0.478337681,0.542252894,0.439963736,0.545983271
0.59149046,0.429876769,0.517003903,0.457046448
0.57920962,0.536746373,0.543546371,0.52386109
0.59883675,0.548891305,0.489332535,0.526060575
0.565455259,0.491921569,0.512285016,0.517917797
0.560805114,0.590013781,0.527110329,0.452616528
0.570065584,0.606000413,0.501612079,0.477944197
0.58400026,0.509504242,0.55516415,0.494954597
0.637838345,0.494768925,0.530573049,0.476132781
0.490134809,0.569637282,0.472972851,0.524146447
0.512608682,0.5291539,0.523784266,0.498965457
0.526785315,0.512803005,0.505590147,0.511517619
0.643014295,0.532909746,0.498949611,0.473235637
0.48020247,0.527888407,0.515736736,0.516191484
0.462298026,0.591505448,0.390795311,0.473218839
0.621545497,0.533776111,0.437921296,0.464232129
0.452262935,0.561311329,0.417502044,0.506560362
0.514108611,0.552984717,0.365023987,0.49986819
0.557919431,0.532574055,0.51277414,0.493391071
0.523885719,0.473452426,0.492661408,0.506412884
0.539378836,0.481760819,0.496757414,0.491642403
0.62900188,0.592338,0.402448406,0.487167852
0.634926251,0.559028693,0.511153576,0.471430275
0.460326136,0.52355943,0.455209286,0.545638106
0.420752652,0.566171572,0.370452306,0.529116858
0.546954451,0.501428581,0.535319342,0.479619602
0.477259381,0.483469622,0.411748469,0.521333792
0.485564696,0.486641078,0.448434952,0.532549398
0.522099336,0.531929507,0.523333041,0.507563529
0.457280111,0.481201614,0.393252575,0.57436644
0.560927834,0.502890023,0.484170993,0.478709125
0.461470402,0.512814333,0.41375418,0.527770643
0.574195975,0.501555842,0.61479468,0.496008788
0.531854955,0.494707644,0.550378787,0.492846556
0.551001466,0.543223834,0.486409122,0.496863826
0.608442195,0.588343645,0.534176543,0.436725524
0.615246422,0.644733227,0.545703963,0.449044788
0.565559822,0.587643908,0.45154428,0.482891357
0.544588881,0.545426017,0.492408,0.485396164
0.550169289,0.57446435,0.437229832,0.454772313
0.577736191,0.497225912,0.630634109,0.478369405
0.564967923,0.543963825,0.57434326,0.44935052
0.661081004,0.626462363,0.523563495,0.490018715
0.514805282,0.551762341,0.486630917,0.490025619
0.512815411,0.497325886,0.548607753,0.502737503
0.600484036,0.543297427,0.56860322,0.450973638
0.561747921,0.602213571,0.476843637,0.457453683
0.610455432,0.538007764,0.604491131,0.46221525
0.557614959,0.529056935,0.473471907,0.502918218
0.501838799,0.551876945,0.474177279,0.478149835
0.463534238,0.530047135,0.506439874,0.504379507
0.506823344,0.545387566,0.497093592,0.556937688
0.557709342,0.587252473,0.503477983,0.478445162
0.489612349,0.533549363,0.377246937,0.512838133
0.504902468,0.556403621,0.514086159,0.479978451
0.542028348,0.471085584,0.441038278,0.512749863
0.511981775,0.562542352,0.400347737,0.481769293
0.536868169,0.507884842,0.524956655,0.515583389
0.601200275,0.516991055,0.620763251,0.502016933
0.498785991,0.612194512,0.418113739,0.546221308
0.468610819,0.521502054,0.429591549,0.547442101
0.483142629,0.569295219,0.414376022,0.489645123
0.488563862,0.493763526,0.47295334,0.495749351
0.542795243,0.505594131,0.489022316,0.509189479
0.525740698,0.623842487,0.442451381,0.478356987
0.594744999,0.473002809,0.601896197,0.522690446
0.463567504,0.514968373,0.482472713,0.508745715
0.498228898,0.543147898,0.54761449,0.535086249
0.553647606,0.54480925,0.515662117,0.487502605
0.624330855,0.503373145,0.488252109,0.495337747
0.528505859,0.452566824,0.507402921,0.506426605
0.468670112,0.589609263,0.334818535,0.499322717
0.576895067,0.551673728,0.51001479,0.455063502
0.518219706,0.610486267,0.514975316,0.500518139
0.609842808,0.51439481,0.429818531,0.479175153
0.457918841,0.49099526,0.430077524,0.637643027
0.587127346,0.567417834,0.424591874,0.512331343
0.503818423,0.562947591,0.530060878,0.500771512
0.584599082,0.47403537,0.480835112,0.49425546
0.542510933,0.560455931,0.439079684,0.50116851
0.533208458,0.564330897,0.470460418,0.497240031
0.578115295,0.593117674,0.389053733,0.457825558
0.579928583,0.539417495,0.507826096,0.49332227
0.573550599,0.578598341,0.625940059,0.442316871
0.522503138,0.482145406,0.492182749,0.525363295
0.509136835,0.644334288,0.484870387,0.438624202
0.549672516,0.645314048,0.512394921,0.417227458
0.558992606,0.522440378,0.461908269,0.456968166
0.499149893,0.538305776,0.476546029,0.506990061
0.511733108,0.522767066,0.506834607,0.481605655
0.615262212,0.514231875,0.655113745,0.454354127
0.600617235,0.504605854,0.589872314,0.454723415
0.548968148,0.54403769,0.476966974,0.48412792
0.56705325,0.491377649,0.469725639,0.498955715
0.497202316,0.514138763,0.529527162,0.557647891
0.484150182,0.560240631,0.362038408,0.52296592
0.541640092,0.559182134,0.55172023,0.490068232
0.533429682,0.556111404,0.468630009,0.50026414
0.476295856,0.51413139,0.529223803,0.48464436
0.577637982,0.48884812,0.562799464,0.495762565
0.579386328,0.524655624,0.510071987,0.485063652
0.495844072,0.554101503,0.422581093,0.516078107
0.409194127,0.597690998,0.384658521,0.545422648
0.588092739,0.480074412,0.554659108,0.488886329
0.496561832,0.520599647,0.426312173,0.474716298
0.525695854,0.484138405,0.42714777,0.534796364
0.395930962,0.586407528,0.374010023,0.552017279
0.552332838,0.568191293,0.541256706,0.46921425
0.609223102,0.532429963,0.531629843,0.466961446
0.609329068,0.493047448,0.462896922,0.501669945
0.588079723,0.477450125,0.500324391,0.495466163
0.557022455,0.546523892,0.495670675,0.472242531
0.569355693,0.491714256,0.459587671,0.541551402
0.529639513,0.520901728,0.51383423,0.523907571
0.560383063,0.512644437,0.544023856,0.489084974
0.481356153,0.461622306,0.414409963,0.552668197
0.571617794,0.496614997,0.490514812,0.50149522
0.555425226,0.463633191,0.462266273,0.498342263
0.609935833,0.525083825,0.519141396,0.482776905
0.643301603,0.526979392,0.459968999,0.449790366
0.645852582,0.48906258,0.527268245,0.458306073
0.450655457,0.578684296,0.429957904,0.55236593
0.530928482,0.472564027,0.413064952,0.550828593
0.621502233,0.471360119,0.594804487,0.46449916
0.45433084,0.512731814,0.398338541,0.53856479
0.576498918,0.395107055,0.598304222,0.568057767
0.575713646,0.544632747,0.475235416,0.453706615
0.523107741,0.526657514,0.386184281,0.494699973
0.520358274,0.557137958,0.393565241,0.431409042
0.589505472,0.444499053,0.639448598,0.509135488
0.498429554,0.497636201,0.460667499,0.508985991
0.537988533,0.553651249,0.456824067,0.495472521
0.526191341,0.48787928,0.488845645,0.533622042
0.463185019,0.503169882,0.473313352,0.523047371
0.525421769,0.52721987,0.487251573,0.511332479
0.622086868,0.579539082,0.486620905,0.450410891
0.411958026,0.535569061,0.435436307,0.54594513
0.52306329,0.508907968,0.556554123,0.524067248
0.547046916,0.52375231,0.524371089,0.521782864
0.566619121,0.585327169,0.48807761,0.482412667
0.550748031,0.530153014,0.507737039,0.492296151
0.556141779,0.507629008,0.451734992,0.524021338
0.516483511,0.506510323,0.519687111,0.50286665
0.478986307,0.523419504,0.48141197,0.502352792
0.471005664,0.597984257,0.387439783,0.542125565
0.59369422,0.568243079,0.437768128,0.550514305
0.549653378,0.493600412,0.594683647,0.524969631
0.463251208,0.544708742,0.541949261,0.496373373
0.553486201,0.554017032,0.459029106,0.509935957
0.544139692,0.579080756,0.535040128,0.522832111
0.578050518,0.514740388,0.689920187,0.497110356
0.597301459,0.557671251,0.622487578,0.500578654
0.580749376,0.505323418,0.485156471,0.475891768
0.57524783,0.607429921,0.526844212,0.461564291
0.509068553,0.478486855,0.457442456,0.537710644
0.473727009,0.515680727,0.445064627,0.531400828
0.497290676,0.516009742,0.55213876,0.542000491
0.57896867,0.455069226,0.479746392,0.543327749
0.601386654,0.439563936,0.501258399,0.510240286
0.66837592,0.538174913,0.529410041,0.452704557
0.51176537,0.501083315,0.40860404,0.520579303
0.524363089,0.484093423,0.462633067,0.536235088
0.617562676,0.524807232,0.641900647,0.459729434
0.538993069,0.484138567,0.514877299,0.509407426
0.578508106,0.600435917,0.504865008,0.491628829
0.535863605,0.466654142,0.541024929,0.50969977
0.524843107,0.524972938,0.558291266,0.49008704
0.567401606,0.545188932,0.490369728,0.441225283
0.567458107,0.562166608,0.469322338,0.510708739
0.446712798,0.526038605,0.415788109,0.515663061
0.465321443,0.505097167,0.429791366,0.501493618
0.570558631,0.56744652,0.482636502,0.479849633
0.451701375,0.569781335,0.427476018,0.502005544
0.670793472,0.48211034,0.547734706,0.468408495
0.503056717,0.65196735,0.4088064,0.51648357
0.594842084,0.492848741,0.530191486,0.461688844
0.675884111,0.526742418,0.583049975,0.420261256
0.502730618,0.510512575,0.456553162,0.497261425
0.695190515,0.449793743,0.548839972,0.489754584
0.565510067,0.512448697,0.491448534,0.500519289
0.416383353,0.51196312,0.461510296,0.502457503
0.622356483,0.450275875,0.613724742,0.482964437
0.532362073,0.543192835,0.394426675,0.502302877
0.537569884,0.539261799,0.454916498,0.437277754
0.552976026,0.621920473,0.629499485,0.47252274
0.668308882,0.63448351,0.573358127,0.359269971
0.635529702,0.573837984,0.478911426,0.455127829
0.525396627,0.519583376,0.483086396,0.482270269
0.587973549,0.650216375,0.543003613,0.44434178
0.668687133,0.485675964,0.563890415,0.485086221
0.564473429,0.465492885,0.509045148,0.515127599
0.628635914,0.565151723,0.55789418,0.474689499
0.496585758,0.500447117,0.447121876,0.519159917
0.513489375,0.513675473,0.517763018,0.549657134
0.641340818,0.490673006,0.546807468,0.474085643
0.49798272,0.425690685,0.394875392,0.569708599
0.405620498,0.607156836,0.452624501,0.479795492
0.500486378,0.508419852,0.426090048,0.497928238
0.544306312,0.559007729,0.570267873,0.464108867
0.563559209,0.499893382,0.466415369,0.506943415
0.538807974,0.481782994,0.480067731,0.519506775
0.505413005,0.562132151,0.42965488,0.472026227
0.5493638,0.470056906,0.426520862,0.516158308
0.593794016,0.413831453,0.565026323,0.551399064
0.577952869,0.48766896,0.476652395,0.495452147
0.596464336,0.464886704,0.430934874,0.483521465
0.6277262,0.364204554,0.413799894,0.524317408
0.552782935,0.528765743,0.467779618,0.495867488
0.54332253,0.483887412,0.468546824,0.516272361
0.550932197,0.472159919,0.522549426,0.469075548
0.572178886,0.495288869,0.441580608,0.511050286
0.597787646,0.444946661,0.444734022,0.532703829
0.596272216,0.608116548,0.595307971,0.456234488
0.615730663,0.455166486,0.587827439,0.501367402
0.620643154,0.644060747,0.442800544,0.449165019
0.493632353,0.479571289,0.445530795,0.53081984
0.598633065,0.440076225,0.581883177,0.491237858
0.586089753,0.472081653,0.578579681,0.465020363
0.443138546,0.546407535,0.359586947,0.492759411
0.631696288,0.510215918,0.481633514,0.480266609
0.609698953,0.516845574,0.509436363,0.434403156
0.575622514,0.429925258,0.579426785,0.461186647
0.397448649,0.475662376,0.424787675,0.53774189
0.50641643,0.530027597,0.519946138,0.498062264
0.660286426,0.526805438,0.527552052,0.400352362
0.623153549,0.495948033,0.52020194,0.470023498
0.644709262,0.495905652,0.668310142,0.429977712
0.588573983,0.528928406,0.510432748,0.476294933
0.588098702,0.645747998,0.452676233,0.41388935
0.539705389,0.470671028,0.470042889,0.509407971
0.598570654,0.501276205,0.515469498,0.515941657
0.5503382,0.446853847,0.589845793,0.495646219
0.545072573,0.585052389,0.539696424,0.429346739
0.712912432,0.472500134,0.587257642,0.445931776
0.495388159,0.486149497,0.596583328,0.541233628
0.56419317,0.507463156,0.578077782,0.418589178
0.475463304,0.534833399,0.381992845,0.525228769
0.518772304,0.531515218,0.491563417,0.49546635
0.568212363,0.532978007,0.608998191,0.473451064
0.449993441,0.537415333,0.448959229,0.487234952
0.538721804,0.613862122,0.380382617,0.507518144
0.565445951,0.569819859,0.489423363,0.408973794
0.556356638,0.541897808,0.461480622,0.483627883
0.611711475,0.498134067,0.616299349,0.465125636
0.548323205,0.522050918,0.413618282,0.503557354
0.575304251,0.569604327,0.510901657,0.494402992
0.55476523,0.510986583,0.557323839,0.483807895
0.583133038,0.539598283,0.520579274,0.439873913
0.732392976,0.511532865,0.650686877,0.423517243
0.597832644,0.457585167,0.581414045,0.4679968
0.598896192,0.595172415,0.647276683,0.498635693
0.608432437,0.502817435,0.633065305,0.541596258
0.552034277,0.576004198,0.429664657,0.496962296
0.487293777,0.567036632,0.344966358,0.511211555
0.495723268,0.452268054,0.49946311,0.53008722
0.659903162,0.494156205,0.514516045,0.456803904
0.596477904,0.55351371,0.519985851,0.43936605
0.545091575,0.512247578,0.590247185,0.505203134
0.675420269,0.541121142,0.617102756,0.455682976
0.583904785,0.517420411,0.561898339,0.487839026
0.540392387,0.524662417,0.47262352,0.486017892
0.599138333,0.518980367,0.55855653,0.450940723
0.544432883,0.5446584,0.47900468,0.495128693
0.61515263,0.560114467,0.607682658,0.444349971
0.608370669,0.426064686,0.63345145,0.525705196
0.59716848,0.534192601,0.51885659,0.431399383
0.675920331,0.547350488,0.651380931,0.506854412
0.53607972,0.475790453,0.427556344,0.508088518
0.700390274,0.528957366,0.564912181,0.419752863
0.557076596,0.489334405,0.503800976,0.498130045
0.594541208,0.426198406,0.617411412,0.520004903
0.505212537,0.466040275,0.481285721,0.490213658
0.632677111,0.488595936,0.573981813,0.464935421
0.672015931,0.497062651,0.557228581,0.447392434
0.704917203,0.464058014,0.610612771,0.428014371
0.577124943,0.58741247,0.452868381,0.46309225
0.610409575,0.593981692,0.459715387,0.442754805
0.644174264,0.530585112,0.486547044,0.410124613
0.652427844,0.505956304,0.478557702,0.472409048
0.572660924,0.53882377,0.469786578,0.470269051
0.559126028,0.477505678,0.586548112,0.501121998
0.620316428,0.623710926,0.560127247,0.432359617
0.563563566,0.532628583,0.499210301,0.468603118
0.571699228,0.511736205,0.398399177,0.516259756
0.513139848,0.525105077,0.521549538,0.46229481
0.596734133,0.488040683,0.664794869,0.491375736
0.508468048,0.54576001,0.458777107,0.491991076
0.637187159,0.59836022,0.589066739,0.441095371
0.589994791,0.540196796,0.418668301,0.516493641
0.548645704,0.637846968,0.390101876,0.46262132
0.405655884,0.498113437,0.441559282,0.530031887
0.479063018,0.53070636,0.339672852,0.517634069
0.539369618,0.497835877,0.526425717,0.552903529
0.480143925,0.551729816,0.429154854,0.528169831
0.530599831,0.587353187,0.342082539,0.494515407
0.537545189,0.565180693,0.523111911,0.521134862
0.606204821,0.50867579,0.562057821,0.4685404
0.619449089,0.556085048,0.516772463,0.466989891
0.525331616,0.586069817,0.491500599,0.504777695
0.597910428,0.521593671,0.577467661,0.484969129
0.416666152,0.559275644,0.428042385,0.519548144
0.565918208,0.445328878,0.48644512,0.552103487
0.545561224,0.598808627,0.462253745,0.489433495
0.579463342,0.496549511,0.463546532,0.499798023
0.595274714,0.48475979,0.570804667,0.463900406
0.584697539,0.516468309,0.475635668,0.477155692
0.658164587,0.503527371,0.45082685,0.440376585
0.517600426,0.491940079,0.502055861,0.529058492
0.581288483,0.537530744,0.503757059,0.450688894
0.569215977,0.576500571,0.440766309,0.453058605
0.677121729,0.558415725,0.542257626,0.46443422
0.661329725,0.521657603,0.575851378,0.500576043
0.60019157,0.473233199,0.533004272,0.498899796
0.623410119,0.498492113,0.563529136,0.470903521
0.498559034,0.478139877,0.483016356,0.594722762
0.470740273,0.548920004,0.393293985,0.536194861
0.416192623,0.490189001,0.517985382,0.548617152
0.609407597,0.517250856,0.421438446,0.480878613
0.628526748,0.554755721,0.624701058,0.48322706
0.637330516,0.685042703,0.462818532,0.415356243
0.634597975,0.52852911,0.536909954,0.453392181
0.661165775,0.581731289,0.620010902,0.417456122
0.564570169,0.550613999,0.605556121,0.504907677
0.656327451,0.547582587,0.635196718,0.467075557
0.653711542,0.594714124,0.551223242,0.431087277
0.492754328,0.575457406,0.466313959,0.515484896
0.594307843,0.542140882,0.608816497,0.477300471
0.557414062,0.492106383,0.492207538,0.488555129
0.47382174,0.582500373,0.52009224,0.48630957
0.573194906,0.549184142,0.568554405,0.442147367
0.683069477,0.501685291,0.617506169,0.47572155
0.608395851,0.594041811,0.617308147,0.438919332
0.540062155,0.474745111,0.512434082,0.511929451
0.513991668,0.531051438,0.444093847,0.516918548
0.585963125,0.575879638,0.65410739,0.499384113
0.441236436,0.51774262,0.492010113,0.550691178
0.519666563,0.516422215,0.518381731,0.482761049
0.545737437,0.596675285,0.530844668,0.471853463
0.61442166,0.574589349,0.665058898,0.47292456
0.497734492,0.52123544,0.451977741,0.51380957
0.569725036,0.552595341,0.592058046,0.482361398
0.627360357,0.552056606,0.619141687,0.463163862
0.510579354,0.610319594,0.452201098,0.48399925
0.532770991,0.514460229,0.620800559,0.483337474
0.663321047,0.530022284,0.494054157,0.429884384
0.537872024,0.53486586,0.537068853,0.489101555
0.579354898,0.507005858,0.545249583,0.510342416
0.491761636,0.454308358,0.502920884,0.521878707
0.562117655,0.509701297,0.416412209,0.461486098
0.574741234,0.575221828,0.411241916,0.510825243
0.443004405,0.44103343,0.58379365,0.54571076
0.376137173,0.496403388,0.352868754,0.61885351
0.508351823,0.567490333,0.363577157,0.506144268
0.483371642,0.554975258,0.433511096,0.48789337
0.542991912,0.495849428,0.461717975,0.518809056
0.578387607,0.523163772,0.508945272,0.460339674
0.504291824,0.612857729,0.317955641,0.508298458
0.443240241,0.249171524,0.390263057,0.630418114
0.495766881,0.454554632,0.493345768,0.51770614
0.491223778,0.46047836,0.463220624,0.524157335
0.566651544,0.530079829,0.411288605,0.49133072
0.558563525,0.518311097,0.494930574,0.485734639
0.435952304,0.302157001,0.477427717,0.652342437
0.450900277,0.428468637,0.422723947,0.552034317
0.441388259,0.559807359,0.420916107,0.514076389
0.466894952,0.543892883,0.35184803,0.567648294
0.526187264,0.531218459,0.482353504,0.442087195
0.524090816,0.440863488,0.465408788,0.559721456
0.56361006,0.453319994,0.426291581,0.528750923
0.447354891,0.419149106,0.411960364,0.622023804
0.520747613,0.473574917,0.40653093,0.534327693
0.633389568,0.671830838,0.547157862,0.362971899
0.486419403,0.557999371,0.465980222,0.488385763
0.554800728,0.516442547,0.46058521,0.506829158
0.579529995,0.558403948,0.445067666,0.44272837
0.471187364,0.594165863,0.359457558,0.5510563
0.544056434,0.527273479,0.482386247,0.521414824
0.589381472,0.430905406,0.641463449,0.541647529
0.508950275,0.486715209,0.503700178,0.510237189
0.509359985,0.543121844,0.462835388,0.492847711
0.477291985,0.572921688,0.357612656,0.527927623
0.494212413,0.604573253,0.412135668,0.5090281
0.489545185,0.539102419,0.458891071,0.496473699
0.563194514,0.508754092,0.517407933,0.479818072
0.535544039,0.578244027,0.38750521,0.490487052
0.540947255,0.508473401,0.493403139,0.495787311
0.489126175,0.499213898,0.359189575,0.545465107
0.387185098,0.59745839,0.402332719,0.515032713
0.556788126,0.496171163,0.377396253,0.53957131
0.575802653,0.678225568,0.360798481,0.526453576
0.567119152,0.492980907,0.500748079,0.486958847
0.519672171,0.54532158,0.403704759,0.525806633
0.528947133,0.464263616,0.375953932,0.514666963
0.471427073,0.512824696,0.373216641,0.526685006
0.509241793,0.48685425,0.426273279,0.494487818
0.527660221,0.536254898,0.521876921,0.503682615
0.587435588,0.516145531,0.59528713,0.50825394
0.461908707,0.60880413,0.454962454,0.496776578
0.470282612,0.560832427,0.375657294,0.517458617
0.469813013,0.490315991,0.387766464,0.526503774
0.529242213,0.573395301,0.457687892,0.437491512
0.499872506,0.470119543,0.411826671,0.547951058
0.481723327,0.587488057,0.352066193,0.477150444
0.693127703,0.339674318,0.661966529,0.566558257
0.506395801,0.488710878,0.482527032,0.527890059
0.568278786,0.564305055,0.464812148,0.477146505
0.510224879,0.545355103,0.406161083,0.513034603
0.492049438,0.490560662,0.414748861,0.521929966
0.58442412,0.560007006,0.431784238,0.498457077
0.511840114,0.544053852,0.450782481,0.434630552
0.441317502,0.572819101,0.361718981,0.582642736
0.579308204,0.529630864,0.4181016,0.521480577
0.535622199,0.541167187,0.479350367,0.50614052
0.495372618,0.488434948,0.522194973,0.492931662
0.482092191,0.508970626,0.452759914,0.515808112
0.485176426,0.57242921,0.450729554,0.554567379
0.612350472,0.484245315,0.487428502,0.494484064
0.461886646,0.526326901,0.450145097,0.477914486
0.439072766,0.420037914,0.339754572,0.584276122
0.397708059,0.498016801,0.355478204,0.534353274
0.493335291,0.499958686,0.479741356,0.518097199
0.539886086,0.523480306,0.440791727,0.449495655
0.521134728,0.485440354,0.462318299,0.497285514
0.572832233,0.43191942,0.494116941,0.483225822
0.614779594,0.507306273,0.473588958,0.466899988
0.356623646,0.449024821,0.407077298,0.593384107
0.591765724,0.573458414,0.530934041,0.474760204
0.554773514,0.537021547,0.468401616,0.48527788
0.525307571,0.585513281,0.418804975,0.527094382
0.485013997,0.495974757,0.354691466,0.521746833
0.594199697,0.474331456,0.367603322,0.520474759
0.414608855,0.553302189,0.378698879,0.51992524
0.545920969,0.50331948,0.500527953,0.561386276
0.503294432,0.460528618,0.391675323,0.546650828
0.490632464,0.532545594,0.438033475,0.491369224
0.466082686,0.487385446,0.390311565,0.526415006
0.618306611,0.50546163,0.457838399,0.500603053
0.583361664,0.484679359,0.553073351,0.482526028
0.547233159,0.435687818,0.555558461,0.486928989
0.531256067,0.46753686,0.503370233,0.510066466
0.704907868,0.494859895,0.608669995,0.402289402
0.549486139,0.586705393,0.378088344,0.488126256
0.486536933,0.502312798,0.463608672,0.533623443
0.600669873,0.405000402,0.389639086,0.544464119
0.423435594,0.504481257,0.338643729,0.537962681
0.561914038,0.562943676,0.361935012,0.500882024
0.475520395,0.448009163,0.370634085,0.583164839
0.415886542,0.587658026,0.388357531,0.533013472
0.482681344,0.530082836,0.410321519,0.451449933
0.586780932,0.51157638,0.428020764,0.496064109
0.5068662,0.429912169,0.388408619,0.547443538
0.516258622,0.439160335,0.426325791,0.539641713
0.458882745,0.519472343,0.390684341,0.512885428
0.484487192,0.464349747,0.500028419,0.519012979
0.594548565,0.501147818,0.485125974,0.487565761
0.488871779,0.540264323,0.392462531,0.494495658
0.467593354,0.453881168,0.385091704,0.53081378
0.531252615,0.509381522,0.489610039,0.496965868
0.43809041,0.500031757,0.375908113,0.536523981
0.529518797,0.497101222,0.421391186,0.517475546
0.581762603,0.526615812,0.441461314,0.486445688
0.467267576,0.574090865,0.394167446,0.500102423
0.522582341,0.529469919,0.497166987,0.483932819
0.522860088,0.467224221,0.43729541,0.507489903
0.58189777,0.478310883,0.440679428,0.502831245
0.40885668,0.552432398,0.41447341,0.526453817
0.522959741,0.519274377,0.367212123,0.525882796
0.532164088,0.533213488,0.498002872,0.492161589
0.509314931,0.490683453,0.400805253,0.516758117
0.434731886,0.576596819,0.385822916,0.526794553
0.540211278,0.468378434,0.518615769,0.508729595
0.528893222,0.473555087,0.363818826,0.515861252
0.460720735,0.534740435,0.427204003,0.497241589
0.484143034,0.534566089,0.463213816,0.540803376
0.462531814,0.50341718,0.342834413,0.523359903
0.446164493,0.511856575,0.341260938,0.534394254
0.514159921,0.505688628,0.444879389,0.544134807
0.541572537,0.509919033,0.561053436,0.516130436
0.420503071,0.495533728,0.394781879,0.524515745
0.495898859,0.520381571,0.414712492,0.491067393
0.5080919,0.511397239,0.500700818,0.50796311
0.550365614,0.600731069,0.375422652,0.484270385
0.521887177,0.526636759,0.421400365,0.505639874
0.492873705,0.491435903,0.41399102,0.526333623
0.610285126,0.535634182,0.528679484,0.446254808
0.438574869,0.473887241,0.422810037,0.542451849
0.521078935,0.521950121,0.411686081,0.499436083
0.527769256,0.471399702,0.358809126,0.543438005
0.445151965,0.545119946,0.335398286,0.544016034
0.380945922,0.539245085,0.344644288,0.551811321
0.621362315,0.512570099,0.476417959,0.487783609
0.516240405,0.520275616,0.50382418,0.526211969
0.535897316,0.557334878,0.529403619,0.492993409
0.492412953,0.5512642,0.470037462,0.526300046
0.447896075,0.443022176,0.396725787,0.571017121
0.618869695,0.544058195,0.396996646,0.473382789
0.50744119,0.518198179,0.405556106,0.50139169
0.491411679,0.477348736,0.397822124,0.568650368
0.492960178,0.433328762,0.438551921,0.540948016
0.634567305,0.478367113,0.55607601,0.490917347
0.456762077,0.50555606,0.526515378,0.520622459
0.529434804,0.44087837,0.493727473,0.516684179
0.568122584,0.476553076,0.450619126,0.49980327
0.580419878,0.489812908,0.502665916,0.476726984
0.549359128,0.535224989,0.488857749,0.474386179
0.641151388,0.530508008,0.567013336,0.465650704
0.590303932,0.532033544,0.403931147,0.487037901
0.522938503,0.545377623,0.422170138,0.511324186
0.568934689,0.484087,0.501926494,0.464013164
0.491206856,0.465918885,0.359525125,0.538776581
0.519823616,0.486422311,0.404693349,0.530437746
0.574943919,0.491251352,0.471316647,0.498781127
0.607561423,0.540721254,0.450766516,0.457554474
0.447103114,0.60092789,0.388554277,0.513066395
0.532513252,0.474903569,0.38014312,0.512236133
0.554643463,0.514078865,0.464761177,0.478048457
0.408680421,0.562379559,0.374166571,0.539094615
0.577281253,0.477951948,0.493561051,0.514921527
0.547578709,0.544469505,0.459160723,0.477084273
0.500818581,0.490233723,0.446272277,0.520796116
0.502331387,0.441174437,0.51070708,0.551248386
0.597178421,0.512996802,0.507464329,0.454497886
0.477485899,0.533744759,0.388693887,0.511541717
0.545479498,0.526522666,0.549998433,0.483870158
0.58556131,0.477972111,0.608697453,0.480052963
0.552526069,0.600245456,0.411662338,0.44128202
0.505328957,0.487533642,0.444068957,0.509259048
0.521580923,0.55472338,0.482637764,0.473815443
0.634153534,0.42081064,0.586649752,0.512065668
0.528745013,0.4853979,0.403011816,0.476195783
0.638517217,0.434485339,0.577458412,0.462104743
0.504294359,0.51323334,0.375660105,0.518761438
0.562840609,0.507176498,0.40333257,0.50584476
0.377630698,0.53032949,0.321938351,0.580896641
0.426586982,0.484907805,0.467292507,0.566811158
0.561975001,0.488825605,0.380341084,0.479414967
0.501518622,0.505160014,0.395506613,0.516270309
0.47991148,0.477814106,0.409602735,0.524803614
0.529100595,0.490293836,0.454182664,0.518523076
0.524737188,0.481810178,0.383010761,0.530755458
0.437990326,0.528644836,0.451326461,0.504060149
0.539595544,0.569557892,0.39970137,0.509305506
0.520244006,0.518383945,0.43228153,0.501176171
0.401685254,0.592396864,0.36381952,0.509357035
0.557660546,0.525094715,0.464224032,0.490750811
0.467294756,0.530270934,0.424736892,0.512722442
0.486266844,0.607965615,0.317173543,0.481486062
0.49873311,0.450584348,0.38507596,0.537865648
0.433583062,0.547577127,0.378979576,0.507273612
0.469262209,0.532837065,0.345817389,0.535631395
0.472161493,0.536586518,0.371539481,0.502348384
0.563950384,0.561928896,0.389105359,0.500498556
0.50907957,0.506605377,0.543461693,0.500093258
0.509300622,0.50890713,0.398257702,0.509234945
0.47966376,0.543625288,0.436154211,0.48812089
0.477074882,0.54017035,0.52351866,0.522385959
0.469853027,0.514107395,0.380903475,0.486102647
0.514648832,0.517288195,0.407674422,0.504461894
0.569857911,0.442730854,0.47879344,0.543537014
0.47774213,0.531105485,0.441140778,0.518347671
0.587934853,0.407568983,0.634510743,0.535447179
0.513072862,0.51060056,0.419195766,0.517368184
0.513816742,0.444641935,0.453531259,0.516733255
0.563688058,0.581886196,0.516802581,0.444690683
0.544835312,0.408254145,0.58174379,0.491439603
0.481488201,0.45143831,0.466166707,0.522889809
0.521413962,0.467304178,0.418864652,0.543483657
0.420788662,0.530911083,0.346064456,0.551476747
0.549714859,0.47044427,0.450799962,0.532411086
0.493912116,0.486205229,0.373232722,0.499808956
0.473540528,0.5055206,0.365467279,0.491170993
0.361534321,0.536459267,0.365401901,0.547968651
0.477132521,0.514437118,0.49803052,0.512041471
0.525812147,0.51331691,0.427187198,0.517787596
0.559828382,0.502356638,0.454094339,0.49111549
0.601208473,0.496310776,0.465701072,0.509464414
0.587510377,0.550848724,0.423522216,0.548609537
0.673090135,0.637152466,0.562771224,0.445667364
0.528241029,0.516464795,0.450663279,0.490872397
0.581004502,0.519630053,0.422604079,0.497052391
0.453920818,0.524023576,0.375314818,0.516349829
0.599428956,0.494820928,0.409407931,0.546265123
0.475655498,0.526562839,0.381165879,0.5252895
0.615448963,0.52591452,0.532519197,0.465846256
0.560818357,0.513090522,0.460427056,0.495894809
0.553572625,0.521359002,0.404467458,0.494552747
0.574574767,0.528620338,0.414509129,0.475921411
0.66259542,0.483421391,0.481154096,0.477321624
0.557132191,0.57611675,0.417688623,0.507382223
0.425553294,0.536144083,0.389504621,0.527583694
0.574726794,0.536213529,0.503055178,0.523622443
0.333324727,0.64314356,0.338842112,0.446378679
0.402315925,0.581090951,0.327979106,0.489493189
0.535672153,0.542340516,0.421902219,0.477521927
0.514841577,0.416828249,0.430194525,0.594785783
0.520821438,0.635881644,0.387186043,0.505164914
0.513777483,0.493819549,0.41336255,0.481243435
0.53913014,0.541334803,0.489487157,0.514369402
0.498504518,0.528364697,0.398299969,0.519797354
0.549065614,0.555205399,0.470742617,0.49031064
0.464136781,0.483949726,0.459356016,0.535464618
0.533373229,0.478777636,0.481199013,0.495126623
0.486811044,0.589850428,0.59178437,0.595977804
0.51807399,0.507847875,0.593064913,0.52485309
0.433755448,0.533482935,0.413046774,0.519070325
0.513638241,0.471091648,0.528228538,0.540411744
0.564826655,0.457631775,0.50922419,0.478323708
0.505555173,0.558047808,0.473430407,0.534336317
0.665215437,0.381625688,0.46962215,0.496576144
0.494832802,0.499318323,0.473994337,0.505446938
0.50478018,0.515234814,0.392143578,0.561329608
0.603425276,0.494979106,0.377417528,0.500632544
0.483549815,0.457232206,0.467651021,0.54330924
0.45213346,0.51260267,0.465298576,0.535784325
0.543215629,0.54443248,0.437841491,0.500877926
0.5812469,0.474452157,0.583815523,0.486206677
0.524133244,0.486933187,0.526056187,0.503791487
0.500443385,0.505209242,0.389588529,0.518620124
0.501349573,0.464802688,0.420766284,0.537737235
0.492089909,0.572085963,0.39087604,0.51045228
0.519212219,0.500379473,0.448191228,0.492480198
0.510017017,0.489322245,0.510182227,0.516523691
0.628371989,0.482297867,0.473551584,0.496625431
0.527601344,0.569906295,0.485394713,0.477197955
0.465229745,0.584362929,0.308430449,0.466475917
0.515017813,0.493784175,0.44332977,0.49559045
0.576498791,0.522902762,0.430269731,0.443516094
0.558569829,0.467795912,0.460404363,0.48130404
0.481617697,0.560002472,0.428171339,0.52318111
0.456414392,0.568904583,0.281280285,0.560672227
0.569865795,0.539498511,0.43810037,0.466091815
0.566303119,0.497839903,0.554786448,0.474759638
0.440547495,0.534293272,0.379534124,0.504862993
0.565453419,0.567013701,0.43088655,0.475325994
0.555622601,0.571520029,0.483444592,0.452637957
0.595006429,0.470490294,0.431108994,0.530561898
0.52853233,0.493372055,0.417676376,0.51263742
0.450532437,0.511605338,0.421810145,0.517496204
0.701291504,0.579588365,0.546266646,0.420043518
0.630463178,0.54990449,0.573523542,0.475379805
0.593826624,0.529425277,0.502794813,0.477059132
0.419110237,0.563192487,0.426873051,0.512278315
0.482769003,0.523399208,0.380044746,0.513066445
0.443003606,0.536423044,0.353928223,0.548833436
0.576713226,0.483234198,0.451006179,0.497434953
0.546402485,0.502263816,0.552260494,0.48478898
0.411550827,0.562706508,0.338118918,0.50642673
0.460062316,0.474407124,0.363272346,0.535061506
0.473096365,0.457458555,0.531446968,0.582230699
0.422162822,0.444157109,0.30291822,0.59495211
0.548167398,0.550673876,0.399205667,0.468886285
0.620797126,0.597875157,0.388391736,0.400413154
0.440588091,0.528364541,0.379633971,0.508722715
0.463298792,0.536146788,0.360652451,0.495148976
0.542311385,0.54188684,0.522284352,0.409573659
0.536354784,0.507358539,0.458342456,0.511362215
0.464331135,0.60798314,0.529772328,0.502965841
0.509311673,0.521400349,0.401720633,0.522299215
0.580359613,0.552263523,0.339725422,0.498427688
0.575568593,0.45986231,0.545232531,0.492040008
0.57483216,0.510947981,0.437809223,0.515715585
0.474224767,0.55780739,0.470819545,0.487596921
0.584390142,0.546004685,0.521884084,0.468120188
0.556501295,0.458594018,0.489229016,0.499705711
0.485890311,0.489113267,0.549665885,0.565988374
0.51398552,0.587007516,0.482801414,0.496777984
0.579515892,0.611641125,0.444819307,0.478113075
0.366241236,0.615601777,0.307656895,0.566039233
0.596564988,0.520644093,0.489930642,0.482024518
0.566552965,0.45463898,0.584916942,0.549122863
0.540442424,0.470725579,0.442888105,0.495444001
0.538653087,0.582166327,0.372700871,0.449818134
0.405105712,0.542304567,0.346067895,0.546696814
0.570613949,0.468779485,0.496135361,0.498844117
0.569988213,0.506445726,0.500614588,0.469265644
0.523247962,0.515376632,0.389394572,0.516284953
0.554840843,0.504691782,0.46893536,0.506746916
0.497727825,0.48818692,0.4555145,0.535737299
0.494473571,0.586839304,0.408894394,0.520618065
0.510069907,0.493702915,0.442398667,0.516619571
0.541428561,0.562709711,0.494185818,0.496978444
0.538153458,0.503817516,0.520170275,0.513171309
0.566994461,0.51916242,0.527803565,0.504096092
0.535902714,0.553544447,0.464042972,0.449355374
0.549088556,0.499123316,0.438177906,0.482771989
0.486383011,0.520950674,0.365598067,0.52330653
0.45072212,0.522115871,0.460180015,0.53283996
0.584797446,0.49796022,0.464778302,0.499735437
0.584669092,0.535588914,0.408142665,0.498946644
0.537482164,0.469021181,0.416481566,0.512981964
0.523100956,0.529256749,0.437414874,0.503148734
0.581222634,0.552469804,0.453397836,0.474080609
0.513894735,0.478113895,0.599630883,0.508739632
0.571892202,0.567863772,0.483079016,0.470264205
0.486281754,0.521973558,0.496269714,0.517865
0.616938882,0.46467336,0.716137272,0.476998005
0.3888495,0.618744755,0.330248363,0.538885874
0.502863294,0.507141968,0.367425373,0.523478488
0.477483171,0.483600971,0.427506556,0.477879098
0.57134008,0.452246661,0.60037294,0.512624032
0.557599662,0.521734926,0.457939191,0.474230846
0.58968862,0.510264065,0.486454687,0.484550828
0.546563811,0.529052645,0.563325213,0.509332766
0.511399189,0.487361342,0.524068087,0.500028465
0.557989448,0.565625938,0.381403515,0.498289648
0.549727841,0.488964933,0.571493532,0.476564895
0.476518313,0.587244927,0.510958689,0.510555881
0.49284241,0.485828404,0.424753448,0.506709097
0.553741631,0.528228549,0.532151605,0.503217666
0.424505416,0.544257225,0.31125006,0.540890245
0.708664886,0.544550683,0.508324661,0.38158545
0.553236523,0.529322078,0.484806762,0.417986477
0.632756854,0.553528435,0.622244855,0.387587496
0.404667971,0.628187625,0.440554182,0.522352377
0.486471671,0.486799159,0.350034549,0.54116787
0.460357027,0.556554954,0.386333986,0.51644735
0.495583764,0.493844299,0.377558746,0.515998866
0.554211299,0.470721612,0.446713702,0.461041095
0.617692305,0.494543865,0.613796095,0.477969273
0.442116445,0.588830488,0.396030698,0.504174511
0.481667493,0.539641287,0.452624968,0.480332834
0.530673158,0.437998796,0.477621829,0.495312404
0.551578101,0.662376482,0.416812217,0.471417248
0.486566609,0.476064276,0.369452326,0.549963188
0.488071771,0.608115586,0.393877157,0.516072451
0.597491187,0.574108335,0.431873779,0.478802838
0.445745048,0.504415802,0.472058781,0.55318821
0.513301475,0.538231276,0.450462133,0.508462445
0.627997402,0.468952108,0.558887122,0.504473313
0.57216898,0.556477829,0.42647894,0.526694267
0.493248173,0.492124604,0.367223246,0.486914806
0.499262487,0.486273456,0.435943492,0.520453712
0.630244718,0.508143442,0.616290754,0.477404809
0.469863064,0.500836537,0.342325464,0.533068578
0.657844487,0.536324119,0.53207375,0.495257549
0.63116121,0.521047596,0.594560451,0.491757631
0.642025939,0.521878728,0.475111722,0.490876324
0.446020598,0.499045021,0.374242957,0.533300592
0.47863758,0.605975738,0.528626578,0.49074557
0.39309457,0.501011869,0.424455863,0.58128899
0.566884443,0.499323579,0.491913028,0.482275615
0.51189955,0.526292022,0.477368426,0.481502553
0.461717441,0.476984625,0.443050319,0.525827036
0.44549567,0.582968824,0.477158754,0.490070377
0.62816721,0.5116423,0.497519027,0.469713784
0.653706821,0.501550399,0.548881265,0.465003349
0.599070368,0.509758364,0.437898188,0.535528639
0.431059621,0.528847508,0.382374051,0.527700121
0.643629839,0.459766445,0.600266974,0.480656573
0.457694986,0.529685211,0.439669991,0.491535833
0.571737248,0.482984201,0.51511004,0.462581616
0.552267998,0.561053589,0.571919828,0.411929163
0.512458882,0.523944564,0.373960363,0.503478673
0.512763615,0.548934745,0.477164338,0.455208846
0.426611949,0.542007759,0.432570075,0.531896329
0.480482734,0.475187342,0.582328987,0.540793038
0.356309626,0.543132959,0.377924698,0.536859045
0.513423391,0.545234373,0.44501993,0.492198483
0.647974193,0.523531357,0.553248287,0.388636452
0.571170758,0.561168144,0.455118451,0.460493009
0.633424338,0.497490408,0.482068674,0.479092193
0.549244069,0.451991024,0.521425014,0.566552293
0.439549685,0.480150359,0.480751387,0.497380613
0.562225995,0.476279942,0.349289856,0.515178109
0.540625402,0.553625683,0.410105438,0.471786483
0.47097471,0.567545423,0.457021384,0.437023876
0.566575992,0.508128517,0.391669653,0.529574511
0.582495763,0.544777891,0.487556131,0.50799533
0.541311497,0.510806208,0.461090637,0.505518255
0.521274985,0.492958943,0.422399458,0.522626533
0.474428774,0.508851151,0.419015031,0.501496484
0.513281845,0.520309095,0.467569336,0.481292894
0.549078826,0.483435988,0.449848851,0.506251504
0.521560529,0.608938583,0.550771141,0.512233517
0.387397793,0.561821547,0.368216935,0.541191568
0.551651445,0.524977249,0.515004736,0.493720178
0.551027877,0.482883734,0.452307417,0.513642989
0.520285705,0.531641735,0.46570832,0.514664063
0.523800565,0.551553013,0.500854873,0.476734642
0.489378682,0.474146874,0.443452015,0.516327211
0.500015651,0.500223346,0.380661752,0.538511462
0.541332334,0.483014451,0.403328504,0.524587289
0.621241819,0.507738624,0.561500706,0.472743366
0.51956736,0.527949047,0.454265307,0.50203496
0.496279729,0.596981783,0.39279055,0.471007471
0.657600631,0.505940573,0.621959392,0.454501867
0.532390715,0.590740238,0.534406101,0.378729883
0.426255034,0.520750982,0.381207688,0.521910479
0.431245122,0.559937098,0.425841876,0.420202903
0.431678443,0.493422983,0.384429879,0.534927043
0.341465215,0.603724066,0.290563834,0.505412955
0.521429551,0.486096329,0.447781364,0.513535983
0.513131231,0.502034876,0.554170815,0.449405835
0.436794342,0.578142088,0.389391079,0.502095573
0.447655828,0.491192294,0.427840604,0.518354871
0.590367038,0.512071423,0.442477093,0.439971707
0.621699012,0.514164514,0.413511484,0.450600141
0.612533687,0.528671564,0.571484805,0.455585489
0.601605952,0.650626291,0.408805806,0.438712532
0.512440766,0.530399014,0.363963118,0.500802314
0.597244782,0.477753853,0.471355104,0.477941119
0.49349008,0.458742332,0.429076525,0.544834099
0.589155888,0.509083712,0.510869871,0.455776866
0.519601653,0.482095523,0.478903625,0.518614072
0.486091171,0.487687607,0.460119328,0.521940344
0.371830186,0.474607521,0.43808315,0.616518667
0.544355773,0.614844552,0.531326742,0.490797158
0.437160332,0.540434886,0.470272313,0.522156898
0.479279269,0.580363205,0.409760577,0.514906048
0.657868502,0.538288792,0.468259652,0.478840328
0.582127404,0.520963669,0.538107122,0.46102318
0.642238551,0.501592305,0.565829031,0.444511019
0.509755677,0.529198493,0.448468542,0.580745228
0.385395552,0.564626965,0.290204522,0.494868795
0.47954157,0.592266584,0.383445394,0.474228162
0.538969915,0.518692043,0.446437126,0.495046238
0.44089111,0.525450169,0.407319265,0.51035565
0.536243915,0.554730698,0.473910721,0.428038565
0.588499136,0.50281376,0.437979646,0.502174966
0.374972407,0.428237136,0.546948256,0.670527266
0.570231749,0.49165141,0.544624405,0.527960024
0.641672217,0.451923728,0.597108101,0.481414282
0.473578048,0.586608583,0.458446531,0.516634908
0.471086704,0.514877133,0.388978614,0.501487534
0.557429966,0.394321519,0.530909861,0.489353375
0.558404681,0.488874785,0.457370132,0.498610935
0.56627521,0.488112122,0.480528424,0.490469342
0.498145101,0.549669787,0.396714538,0.523492408
0.559811166,0.432154161,0.530329065,0.538212394
0.452860084,0.475814569,0.357985889,0.548537889
0.529160569,0.552479443,0.470400907,0.544108892
0.580490641,0.485552203,0.417177575,0.47546004
0.356949485,0.399304172,0.40021402,0.623127484
0.564720898,0.492188623,0.410011064,0.501388476
0.600423051,0.513093252,0.523450492,0.46011584
0.638566686,0.616108898,0.585402031,0.470427966
0.574906216,0.50182925,0.451547174,0.500094782
0.589459981,0.48939551,0.512934102,0.493828027
0.504261733,0.497291378,0.384925559,0.547496489
0.49649656,0.516101953,0.527495667,0.521219012
0.595898122,0.503923476,0.554600534,0.46135094
0.579205839,0.495793536,0.49150376,0.471760199
0.433045026,0.54294334,0.419679967,0.542607826
0.500007379,0.499115655,0.382147367,0.526842619
0.520796492,0.520709106,0.41697352,0.513079031
0.513160913,0.529617884,0.451723458,0.502854401
0.546835037,0.520189905,0.46835148,0.482892302
0.569146633,0.551367128,0.448385992,0.450347518
0.512112174,0.526551394,0.42609458,0.515717184
0.618693829,0.483079874,0.622443607,0.506821412
0.532753754,0.604636526,0.502866367,0.503562822
0.521917277,0.486444096,0.418152522,0.526903228
0.542246842,0.517590741,0.466061654,0.507908975
0.519260715,0.552535312,0.389787841,0.504450335
0.624282362,0.551795594,0.511125744,0.443436652
0.553694717,0.489108846,0.528762473,0.50049284
0.525543621,0.51748393,0.405875155,0.504028697
0.572053717,0.614659585,0.508710236,0.417608921
0.51813021,0.484001034,0.415958419,0.542492278
0.527793087,0.481480052,0.492979325,0.497671815
0.602670107,0.56028628,0.369304933,0.431353066
0.470959859,0.561379601,0.36618929,0.516180648
0.468389886,0.523999394,0.395565449,0.537607019
0.52586659,0.502666215,0.416545183,0.52354823
0.616666161,0.530563645,0.520634251,0.462623737
0.530430082,0.481135719,0.416905037,0.535457193
0.524599246,0.515821849,0.475173191,0.478905718
0.478079293,0.560795037,0.448238703,0.508218956
0.576286055,0.527810411,0.459805002,0.4716452
0.559941773,0.542722932,0.511691416,0.469149942
